session,symbol,bars,open,high,low,close,high_time_et,low_time_et,open_to_close_pct,mfe_long_from_open_pct,mae_long_from_open_pct,mfe_short_from_open_pct,mae_short_from_open_pct,close_location_in_range,pct_bars_close_above_open,pct_bars_close_above_vwap,closing_vwap,closing_ema9,closing_ema20,pattern_auto,prior_close,opening_gap_pct,close_to_close_pct,gap_retention_ratio
2026-09-18,AAPL,390,337.99,338.49,332.53,335.59,2026-09-18 09:32:00-04:00,2026-09-18 10:43:00-04:00,-0.71,0.148,-1.615,1.615,0.148,0.513,0.003,0.262,335.7169,336.0603,336.1167,Reversal/Mixed,337.0,0.294,-0.418,-1.424
2026-09-18,AMD,390,547.56,559.91,541.54,559.8,2026-09-18 15:57:00-04:00,2026-09-18 11:01:00-04:00,2.235,2.255,-1.099,1.099,2.255,0.994,0.177,0.208,548.2717,556.2118,552.8078,Trend Up,545.09,0.453,2.699,5.956
2026-09-18,AMZN,390,252.86,255.43,251.88,253.51,2026-09-18 11:07:00-04:00,2026-09-18 10:15:00-04:00,0.257,1.016,-0.388,0.388,1.016,0.459,0.813,0.677,253.2791,253.9026,254.0722,Range Day,251.19,0.665,0.924,1.389
2026-09-18,ARM,387,269.63,275.78,261.655,275.75,2026-09-18 15:59:00-04:00,2026-09-18 09:35:00-04:00,2.27,2.281,-2.958,2.958,2.281,0.998,0.041,0.718,268.9871,274.088,272.4759,Trend Up,243.98,10.513,13.022,1.239
2026-09-18,AVGO,390,352.08,363.2817,351.35,357.69,2026-09-18 09:53:00-04:00,2026-09-18 09:30:00-04:00,1.593,3.182,-0.207,0.207,3.182,0.531,1.0,0.246,356.925,357.1444,356.711,Reversal/Mixed,347.3,1.376,2.992,2.174
2026-09-18,BE,390,284.32,285.1,265.0,265.61,2026-09-18 09:30:00-04:00,2026-09-18 15:49:00-04:00,-6.581,0.274,-6.795,6.795,0.274,0.03,0.0,0.162,271.4088,266.5667,267.6817,Trend Down,270.02,5.296,-1.633,-0.308
2026-09-18,COHR,390,305.73,318.45,302.11,317.21,2026-09-18 15:55:00-04:00,2026-09-18 09:30:00-04:00,3.755,4.161,-1.184,1.184,4.161,0.924,0.949,0.741,310.3136,317.3717,316.8018,Trend Up,295.98,3.294,7.173,2.177
2026-09-18,COIN,390,178.155,196.21,177.67,194.275,2026-09-18 13:59:00-04:00,2026-09-18 09:30:00-04:00,9.048,10.134,-0.272,0.272,10.134,0.896,1.0,1.0,190.6338,193.917,193.9877,Trend Up,164.51,8.294,18.093,2.181
2026-09-18,CRWD,390,247.41,247.5025,234.9,237.62,2026-09-18 09:30:00-04:00,2026-09-18 10:16:00-04:00,-3.957,0.037,-5.056,5.056,0.037,0.216,0.0,0.105,239.391,237.7337,238.0027,Trend Down,241.36,2.507,-1.55,-0.618
2026-09-18,DELL,390,593.15,595.51,568.36,568.53,2026-09-18 09:30:00-04:00,2026-09-18 15:59:00-04:00,-4.151,0.398,-4.179,4.179,0.398,0.006,0.0,0.005,579.5688,571.4056,571.8648,Trend Down,563.29,5.301,0.93,0.175
2026-09-18,DIA,390,516.52,517.08,514.15,515.86,2026-09-18 09:32:00-04:00,2026-09-18 12:25:00-04:00,-0.128,0.108,-0.459,0.459,0.108,0.584,0.013,0.333,515.4892,516.0588,516.1301,Range Day,518.35,-0.353,-0.48,1.361
2026-09-18,FLNC,390,7.535,7.64,7.11,7.305,2026-09-18 09:30:00-04:00,2026-09-18 11:32:00-04:00,-3.052,1.393,-5.64,5.64,1.393,0.368,0.003,0.292,7.2806,7.3279,7.3332,Reversal/Mixed,9.05,-16.74,-19.282,1.152
2026-09-18,GNRC,385,209.52,214.85,201.5801,207.62,2026-09-18 09:31:00-04:00,2026-09-18 11:47:00-04:00,-0.907,2.544,-3.79,3.79,2.544,0.455,0.013,0.086,205.9773,207.9126,207.4897,Reversal/Mixed,207.23,1.105,0.188,0.17
2026-09-18,GOOGL,390,356.92,359.44,348.45,349.06,2026-09-18 09:41:00-04:00,2026-09-18 15:56:00-04:00,-2.202,0.706,-2.373,2.373,0.706,0.056,0.028,0.026,353.1379,349.4088,350.0947,Trend Down,347.33,2.761,0.498,0.18
2026-09-18,HOOD,390,113.52,120.5699,111.06,119.83,2026-09-18 13:58:00-04:00,2026-09-18 09:35:00-04:00,5.558,6.21,-2.167,2.167,6.21,0.922,0.956,0.959,117.387,119.6199,119.4721,Trend Up,104.42,8.715,14.758,1.693
2026-09-18,INTC,390,109.84,110.49,106.4,108.62,2026-09-18 09:30:00-04:00,2026-09-18 14:42:00-04:00,-1.111,0.592,-3.132,3.132,0.592,0.543,0.005,0.077,108.1431,108.4961,108.3854,Reversal/Mixed,108.8,0.956,-0.165,-0.173
2026-09-18,IREN,390,44.73,46.74,43.3633,46.69,2026-09-18 15:59:00-04:00,2026-09-18 10:15:00-04:00,4.382,4.494,-3.055,3.055,4.494,0.985,0.597,0.785,45.1843,46.5533,46.3983,Trend Up,42.62,4.951,9.55,1.929
2026-09-18,IWM,390,284.92,285.265,282.54,284.02,2026-09-18 09:30:00-04:00,2026-09-18 12:25:00-04:00,-0.316,0.121,-0.835,0.835,0.121,0.543,0.003,0.395,283.3859,283.9433,283.8749,Range Day,285.43,-0.179,-0.494,2.765
2026-09-18,LITE,390,917.535,951.6,896.01,931.215,2026-09-18 09:39:00-04:00,2026-09-18 10:17:00-04:00,1.491,3.713,-2.346,2.346,3.713,0.633,0.246,0.213,919.5546,930.7123,929.1469,Reversal/Mixed,919.4,-0.203,1.285,-6.335
2026-09-18,MDB,368,397.39,397.39,381.475,383.38,2026-09-18 09:30:00-04:00,2026-09-18 15:03:00-04:00,-3.526,0.0,-4.005,4.005,0.0,0.12,0.0,0.038,384.7208,383.7996,384.2191,Trend Down,376.34,5.593,1.871,0.334
2026-09-18,META,390,686.82,690.15,660.8,665.52,2026-09-18 09:31:00-04:00,2026-09-18 15:50:00-04:00,-3.101,0.485,-3.788,3.788,0.485,0.161,0.003,0.028,674.4993,665.9802,667.0904,Trend Down,673.31,2.007,-1.157,-0.577
2026-09-18,MRVL,390,242.42,244.43,235.96,244.12,2026-09-18 15:58:00-04:00,2026-09-18 13:20:00-04:00,0.701,0.829,-2.665,2.665,0.829,0.963,0.013,0.074,239.7088,242.437,240.9975,Reversal/Mixed,240.76,0.689,1.396,2.024
2026-09-18,MSFT,390,497.47,498.65,491.1,493.46,2026-09-18 09:30:00-04:00,2026-09-18 10:32:00-04:00,-0.806,0.237,-1.28,1.28,0.237,0.313,0.0,0.277,494.7565,493.8088,494.1697,Reversal/Mixed,497.75,-0.056,-0.862,15.322
2026-09-18,MU,390,981.71,1016.36,977.925,1015.375,2026-09-18 15:58:00-04:00,2026-09-18 09:32:00-04:00,3.429,3.53,-0.386,0.386,3.53,0.974,1.0,0.903,996.5713,1013.2163,1011.2393,Trend Up,977.5,0.431,3.875,8.996
2026-09-18,NBIS,390,218.15,224.6499,210.3,223.55,2026-09-18 15:50:00-04:00,2026-09-18 10:13:00-04:00,2.475,2.98,-3.598,3.598,2.98,0.923,0.618,0.831,218.0954,223.3034,222.9848,Trend Up,209.37,4.194,6.773,1.615
2026-09-18,NOW,390,139.71,139.94,135.07,135.127,2026-09-18 09:31:00-04:00,2026-09-18 15:59:00-04:00,-3.28,0.165,-3.321,3.321,0.165,0.012,0.0,0.154,136.5791,135.5796,135.9235,Trend Down,139.82,-0.079,-3.356,42.663
2026-09-18,NVDA,390,219.36,222.73,218.04,222.09,2026-09-18 15:57:00-04:00,2026-09-18 09:30:00-04:00,1.245,1.536,-0.602,0.602,1.536,0.864,0.854,0.944,219.77,221.3532,220.6882,Trend Up,219.34,0.009,1.254,
2026-09-18,PANW,390,375.625,376.01,356.0,363.57,2026-09-18 09:30:00-04:00,2026-09-18 10:13:00-04:00,-3.209,0.102,-5.225,5.225,0.102,0.378,0.0,0.01,363.4245,363.1764,362.7164,Reversal/Mixed,375.65,-0.007,-3.216,
2026-09-18,PLTR,390,177.04,177.75,172.0,177.52,2026-09-18 09:30:00-04:00,2026-09-18 09:47:00-04:00,0.271,0.401,-2.847,2.847,0.401,0.96,0.082,0.785,175.7038,177.2991,177.1095,Range Day,174.34,1.549,1.824,1.178
2026-09-18,QQQ,390,718.84,721.725,715.08,721.36,2026-09-18 15:57:00-04:00,2026-09-18 12:25:00-04:00,0.351,0.401,-0.523,0.523,0.401,0.945,0.215,0.395,718.1804,720.8683,720.3413,Range Day,716.92,0.268,0.619,2.312
2026-09-18,SNOW,382,338.61,340.31,330.14,331.6,2026-09-18 09:30:00-04:00,2026-09-18 15:59:00-04:00,-2.07,0.502,-2.501,2.501,0.502,0.144,0.003,0.126,333.4309,331.8679,332.2365,Trend Down,331.02,2.293,0.175,0.076
2026-09-18,SPXL,362,281.175,281.83,277.47,281.47,2026-09-18 15:55:00-04:00,2026-09-18 12:25:00-04:00,0.105,0.233,-1.318,1.318,0.233,0.917,0.05,0.334,279.9855,281.3695,281.2311,Range Day,280.76,0.148,0.253,1.711
2026-09-18,SPY,390,761.31,762.0,757.971,761.63,2026-09-18 15:55:00-04:00,2026-09-18 12:25:00-04:00,0.042,0.091,-0.439,0.439,0.091,0.908,0.067,0.341,760.0993,761.5554,761.4319,Range Day,762.6,-0.169,-0.127,0.752
2026-09-18,TSLA,390,369.28,370.9,360.751,364.23,2026-09-18 09:46:00-04:00,2026-09-18 10:16:00-04:00,-1.368,0.439,-2.31,2.31,0.439,0.343,0.015,0.092,364.9031,364.4415,364.0978,Reversal/Mixed,366.2,0.841,-0.538,-0.64
2026-09-21,AAPL,390,335.2,339.64,333.05,338.89,2026-09-21 15:51:00-04:00,2026-09-21 09:39:00-04:00,1.101,1.325,-0.641,0.641,1.325,0.886,0.951,0.969,337.3972,339.1416,339.2105,Trend Up,336.13,-0.277,0.821,-2.968
2026-09-21,AMD,390,583.94,616.68,582.27,615.36,2026-09-21 15:55:00-04:00,2026-09-21 09:33:00-04:00,5.381,5.607,-0.286,0.286,5.607,0.962,1.0,0.992,606.9196,615.8056,615.5922,Trend Up,559.82,4.309,9.921,2.303
2026-09-21,AMZN,390,256.52,259.49,253.6,258.43,2026-09-21 15:24:00-04:00,2026-09-21 09:48:00-04:00,0.745,1.158,-1.138,1.138,1.158,0.82,0.623,0.815,257.074,258.5278,258.6271,Reversal/Mixed,253.71,1.108,1.86,1.68
2026-09-21,ARM,390,294.22,324.16,293.08,323.1,2026-09-21 15:56:00-04:00,2026-09-21 09:30:00-04:00,9.816,10.176,-0.387,0.387,10.176,0.966,1.0,0.987,312.6113,322.756,322.4534,Trend Up,275.61,6.752,17.231,2.552
2026-09-21,AVGO,390,358.86,363.97,353.5,362.54,2026-09-21 15:38:00-04:00,2026-09-21 09:32:00-04:00,1.025,1.424,-1.494,1.494,1.424,0.863,0.615,0.967,359.5981,363.1203,363.2583,Trend Up,357.61,0.35,1.379,3.944
2026-09-21,BE,390,270.0,282.0,265.36,272.67,2026-09-21 11:49:00-04:00,2026-09-21 10:03:00-04:00,0.989,4.444,-1.719,1.719,4.444,0.439,0.887,0.759,273.4026,272.9662,273.0132,Reversal/Mixed,265.63,1.645,2.65,1.611
2026-09-21,COHR,390,326.48,332.86,316.66,321.13,2026-09-21 11:32:00-04:00,2026-09-21 09:36:00-04:00,-1.639,1.954,-3.008,3.008,1.954,0.276,0.446,0.5,325.6694,320.8876,321.6065,Trend Down,317.36,2.874,1.188,0.413
2026-09-21,COIN,390,205.5,208.33,200.655,200.95,2026-09-21 09:32:00-04:00,2026-09-21 15:54:00-04:00,-2.214,1.377,-2.358,2.358,1.377,0.038,0.105,0.072,204.394,201.0289,201.1995,Trend Down,194.25,5.792,3.449,0.596
2026-09-21,CRWD,390,231.62,250.31,230.85,249.27,2026-09-21 15:07:00-04:00,2026-09-21 09:30:00-04:00,7.62,8.069,-0.332,0.332,8.069,0.947,1.0,0.997,242.8717,249.2845,249.3932,Trend Up,237.65,-2.537,4.89,-1.927
2026-09-21,DELL,390,586.77,592.44,567.38,575.5,2026-09-21 09:30:00-04:00,2026-09-21 09:56:00-04:00,-1.921,0.966,-3.305,3.305,0.966,0.324,0.005,0.469,576.4008,576.1604,576.5215,Reversal/Mixed,568.06,3.294,1.31,0.398
2026-09-21,DIA,390,520.03,520.52,516.76,519.805,2026-09-21 14:50:00-04:00,2026-09-21 09:46:00-04:00,-0.043,0.094,-0.629,0.629,0.094,0.81,0.172,0.795,519.0839,519.9396,520.0106,Range Day,515.88,0.804,0.761,0.946
2026-09-21,FLNC,389,7.36,7.41,7.1231,7.39,2026-09-21 15:39:00-04:00,2026-09-21 09:35:00-04:00,0.408,0.679,-3.219,3.219,0.679,0.93,0.1,0.838,7.3004,7.3771,7.3723,Range Day,7.32,0.546,0.956,1.75
2026-09-21,GNRC,378,210.0,212.46,203.98,205.0,2026-09-21 09:30:00-04:00,2026-09-21 10:59:00-04:00,-2.381,1.171,-2.867,2.867,1.171,0.12,0.005,0.069,206.1033,204.8023,204.9513,Trend Down,207.44,1.234,-1.176,-0.953
2026-09-21,GOOGL,390,350.67,357.58,349.1,355.22,2026-09-21 10:24:00-04:00,2026-09-21 09:32:00-04:00,1.298,1.971,-0.448,0.448,1.971,0.722,0.995,0.977,354.7853,355.3677,355.644,Trend Up,349.54,0.323,1.625,5.027
2026-09-21,HOOD,390,125.09,126.41,121.51,123.28,2026-09-21 09:32:00-04:00,2026-09-21 09:55:00-04:00,-1.447,1.055,-2.862,2.862,1.055,0.361,0.008,0.754,123.9106,123.5534,123.836,Reversal/Mixed,119.82,4.398,2.888,0.657
2026-09-21,INTC,390,116.59,124.727,114.93,121.78,2026-09-21 11:46:00-04:00,2026-09-21 09:36:00-04:00,4.451,6.979,-1.424,1.424,6.979,0.699,0.969,0.949,120.9467,122.0209,122.0213,Reversal/Mixed,108.6,7.357,12.136,1.65
2026-09-21,IREN,390,47.85,48.769,46.4,47.25,2026-09-21 14:40:00-04:00,2026-09-21 09:31:00-04:00,-1.254,1.921,-3.03,3.03,1.921,0.359,0.318,0.756,47.5413,47.2248,47.3332,Reversal/Mixed,46.68,2.506,1.221,0.487
2026-09-21,IWM,390,286.27,286.45,284.9,285.54,2026-09-21 15:03:00-04:00,2026-09-21 09:44:00-04:00,-0.255,0.063,-0.479,0.479,0.063,0.413,0.082,0.736,285.7965,285.7462,285.8883,Range Day,284.1,0.764,0.507,0.664
2026-09-21,LITE,390,958.93,983.4499,946.01,954.49,2026-09-21 10:29:00-04:00,2026-09-21 09:33:00-04:00,-0.463,2.557,-1.347,1.347,2.557,0.226,0.736,0.323,966.3394,955.3521,957.1806,Range Day,930.91,3.01,2.533,0.842
2026-09-21,MDB,381,386.95,407.61,379.0,407.43,2026-09-21 15:59:00-04:00,2026-09-21 09:30:00-04:00,5.293,5.339,-2.055,2.055,5.339,0.994,0.984,0.984,398.8388,406.1636,405.141,Trend Up,383.56,0.884,6.223,7.041
2026-09-21,META,390,680.38,753.0,679.6,741.13,2026-09-21 15:34:00-04:00,2026-09-21 09:30:00-04:00,8.929,10.673,-0.115,0.115,10.673,0.838,1.0,1.0,725.7634,744.3426,745.9331,Trend Up,665.75,2.198,11.323,5.152
2026-09-21,MRVL,390,251.62,261.18,245.0,257.33,2026-09-21 15:38:00-04:00,2026-09-21 09:36:00-04:00,2.269,3.799,-2.631,2.631,3.799,0.762,0.782,0.928,254.1582,258.2665,258.9103,Trend Up,244.25,3.017,5.355,1.775
2026-09-21,MSFT,390,495.58,501.87,491.33,501.61,2026-09-21 15:59:00-04:00,2026-09-21 11:32:00-04:00,1.217,1.269,-0.858,0.858,1.269,0.975,0.528,0.644,496.2123,501.0449,500.7704,Trend Up,493.78,0.365,1.586,4.35
2026-09-21,MU,390,1044.75,1064.49,1030.6801,1043.3149,2026-09-21 09:44:00-04:00,2026-09-21 10:13:00-04:00,-0.137,1.889,-1.347,1.347,1.889,0.374,0.254,0.326,1043.8301,1044.9694,1045.8658,Range Day,1015.8,2.85,2.709,0.95
2026-09-21,NBIS,390,225.99,237.96,221.3,232.845,2026-09-21 14:47:00-04:00,2026-09-21 09:34:00-04:00,3.033,5.297,-2.075,2.075,5.297,0.693,0.938,0.951,230.7981,232.9106,233.14,Reversal/Mixed,223.54,1.096,4.163,3.798
2026-09-21,NOW,390,136.82,140.16,135.62,137.74,2026-09-21 09:31:00-04:00,2026-09-21 09:45:00-04:00,0.672,2.441,-0.877,0.877,2.441,0.467,0.928,0.221,137.5212,137.6852,137.6001,Reversal/Mixed,135.47,0.997,1.676,1.681
2026-09-21,NVDA,390,222.935,228.5,221.56,227.25,2026-09-21 14:54:00-04:00,2026-09-21 09:31:00-04:00,1.936,2.496,-0.617,0.617,2.496,0.82,0.972,0.959,225.5165,227.2939,227.3287,Trend Up,222.27,0.299,2.241,7.489
2026-09-21,PANW,390,364.26,374.56,357.59,371.62,2026-09-21 10:51:00-04:00,2026-09-21 09:30:00-04:00,2.021,2.828,-1.831,1.831,2.828,0.827,0.972,0.949,369.5241,371.6662,371.5581,Trend Up,363.58,0.187,2.211,11.823
2026-09-21,PLTR,390,178.725,183.38,176.76,183.08,2026-09-21 12:22:00-04:00,2026-09-21 09:41:00-04:00,2.437,2.605,-1.099,1.099,2.605,0.955,0.974,0.974,181.3994,182.8049,182.5497,Trend Up,177.64,0.611,3.062,5.014
2026-09-21,QQQ,390,727.95,743.22,727.82,741.45,2026-09-21 15:38:00-04:00,2026-09-21 09:33:00-04:00,1.855,2.098,-0.018,0.018,2.098,0.885,1.0,0.995,737.0125,741.7411,741.955,Trend Up,721.45,0.901,2.772,3.077
2026-09-21,SNOW,389,335.63,339.53,329.13,339.25,2026-09-21 10:02:00-04:00,2026-09-21 09:30:00-04:00,1.079,1.162,-1.937,1.937,1.162,0.973,0.167,0.393,334.6517,337.6365,336.736,Trend Up,332.43,0.963,2.052,2.131
2026-09-21,SPXL,382,286.65,296.105,286.2701,294.63,2026-09-21 15:39:00-04:00,2026-09-21 09:31:00-04:00,2.784,3.298,-0.133,0.133,3.298,0.85,0.99,0.99,291.3457,294.9176,295.1174,Trend Up,281.32,1.895,4.731,2.497
2026-09-21,SPY,390,766.251,774.89,766.03,773.52,2026-09-21 15:38:00-04:00,2026-09-21 09:31:00-04:00,0.949,1.127,-0.029,0.029,1.127,0.845,0.997,0.99,771.4308,773.783,773.9774,Reversal/Mixed,761.69,0.599,1.553,2.594
2026-09-21,TSLA,390,371.64,378.36,371.11,375.32,2026-09-21 10:32:00-04:00,2026-09-21 09:30:00-04:00,0.99,1.808,-0.143,0.143,1.808,0.581,1.0,0.387,375.0368,374.8112,374.7787,Reversal/Mixed,364.27,2.023,3.033,1.499
2026-09-22,AAPL,390,340.33,345.34,338.75,339.73,2026-09-22 09:33:00-04:00,2026-09-22 10:06:00-04:00,-0.176,1.472,-0.464,0.464,1.472,0.149,0.751,0.379,341.4439,339.7195,339.8502,Range Day,338.98,0.398,0.221,0.556
2026-09-22,AMD,390,607.1,624.52,606.3125,624.0,2026-09-22 15:55:00-04:00,2026-09-22 09:30:00-04:00,2.784,2.869,-0.13,0.13,2.869,0.971,1.0,0.938,617.388,623.3625,622.6122,Trend Up,615.52,-1.368,1.378,-1.007
2026-09-22,AMZN,390,255.38,259.0,253.79,254.88,2026-09-22 09:46:00-04:00,2026-09-22 09:30:00-04:00,-0.196,1.417,-0.623,0.623,1.417,0.209,0.438,0.308,255.588,255.2304,255.4681,Range Day,258.45,-1.188,-1.381,1.163
2026-09-22,ARM,390,319.41,334.66,318.685,333.33,2026-09-22 13:46:00-04:00,2026-09-22 09:32:00-04:00,4.358,4.774,-0.227,0.227,4.774,0.917,0.997,0.997,328.4067,332.6972,332.2045,Trend Up,322.9,-1.081,3.23,-2.989
2026-09-22,AVGO,390,363.23,366.54,359.2901,364.51,2026-09-22 15:53:00-04:00,2026-09-22 09:49:00-04:00,0.352,0.911,-1.085,1.085,0.911,0.72,0.559,0.9,363.2111,364.9054,365.1016,Range Day,362.66,0.157,0.51,3.246
2026-09-22,BE,390,274.16,284.25,268.97,276.45,2026-09-22 10:26:00-04:00,2026-09-22 09:31:00-04:00,0.835,3.68,-1.893,1.893,3.68,0.49,0.969,0.362,277.5236,276.4262,275.9408,Reversal/Mixed,272.89,0.465,1.305,2.803
2026-09-22,COHR,390,310.285,323.4299,305.0,310.175,2026-09-22 09:59:00-04:00,2026-09-22 10:59:00-04:00,-0.035,4.236,-1.703,1.703,4.236,0.281,0.308,0.126,311.0252,309.7893,309.4154,Range Day,321.52,-3.494,-3.529,1.01
2026-09-22,COIN,390,199.395,203.0,197.2,201.06,2026-09-22 09:35:00-04:00,2026-09-22 10:35:00-04:00,0.835,1.808,-1.101,1.101,1.808,0.666,0.708,0.585,200.1568,201.4477,201.5793,Reversal/Mixed,201.05,-0.823,0.005,-0.006
2026-09-22,CRWD,390,248.11,250.7999,244.71,250.07,2026-09-22 14:25:00-04:00,2026-09-22 09:50:00-04:00,0.79,1.084,-1.37,1.37,1.084,0.88,0.562,0.626,248.2525,249.7638,249.5024,Reversal/Mixed,249.35,-0.497,0.289,-0.581
2026-09-22,DELL,390,569.8,574.6,547.71,549.02,2026-09-22 09:42:00-04:00,2026-09-22 12:22:00-04:00,-3.647,0.842,-3.877,3.877,0.842,0.049,0.059,0.062,557.179,550.1324,549.9865,Trend Down,575.31,-0.958,-4.57,4.771
2026-09-22,DIA,390,522.48,522.55,516.51,517.95,2026-09-22 09:30:00-04:00,2026-09-22 11:37:00-04:00,-0.867,0.013,-1.143,1.143,0.013,0.238,0.0,0.062,518.4526,518.2864,518.4724,Reversal/Mixed,519.78,0.519,-0.352,-0.678
2026-09-22,FLNC,387,7.49,7.49,7.145,7.26,2026-09-22 09:30:00-04:00,2026-09-22 09:48:00-04:00,-3.071,0.0,-4.606,4.606,0.0,0.333,0.0,0.243,7.2277,7.2778,7.2698,Reversal/Mixed,7.39,1.353,-1.759,-1.3
2026-09-22,GNRC,382,204.63,208.685,201.29,206.0,2026-09-22 11:04:00-04:00,2026-09-22 09:31:00-04:00,0.669,1.982,-1.632,1.632,1.982,0.637,0.898,0.89,206.2475,206.0251,206.1239,Reversal/Mixed,204.96,-0.161,0.507,-3.151
2026-09-22,GOOGL,390,357.905,364.17,350.22,351.185,2026-09-22 09:50:00-04:00,2026-09-22 12:32:00-04:00,-1.878,1.75,-2.147,2.147,1.75,0.069,0.3,0.203,356.1042,351.4343,351.8684,Trend Down,354.97,0.827,-1.066,-1.29
2026-09-22,HOOD,390,123.0,126.16,122.46,124.2,2026-09-22 09:38:00-04:00,2026-09-22 09:30:00-04:00,0.976,2.569,-0.439,0.439,2.569,0.47,0.997,0.549,124.378,124.377,124.521,Reversal/Mixed,123.3,-0.243,0.73,-3.0
2026-09-22,INTC,390,120.11,124.09,120.075,123.84,2026-09-22 15:56:00-04:00,2026-09-22 09:30:00-04:00,3.105,3.314,-0.029,0.029,3.314,0.938,1.0,0.756,122.0622,123.7891,123.5692,Trend Up,121.78,-1.371,1.692,-1.234
2026-09-22,IREN,390,46.985,49.35,46.86,48.55,2026-09-22 10:14:00-04:00,2026-09-22 09:30:00-04:00,3.331,5.034,-0.266,0.266,5.034,0.679,1.0,0.592,48.3082,48.5686,48.5408,Reversal/Mixed,47.23,-0.519,2.795,-5.388
2026-09-22,IWM,390,287.68,288.94,286.05,287.15,2026-09-22 10:13:00-04:00,2026-09-22 10:53:00-04:00,-0.184,0.438,-0.567,0.567,0.438,0.381,0.218,0.431,287.3133,287.289,287.4529,Range Day,285.58,0.735,0.55,0.748
2026-09-22,LITE,390,937.685,1002.0,934.38,945.58,2026-09-22 09:59:00-04:00,2026-09-22 09:30:00-04:00,0.842,6.859,-0.352,0.352,6.859,0.166,1.0,0.131,961.585,945.4111,945.4398,Reversal/Mixed,954.49,-1.761,-0.933,0.53
2026-09-22,MDB,390,409.37,439.68,406.66,427.66,2026-09-22 14:47:00-04:00,2026-09-22 09:30:00-04:00,4.468,7.404,-0.662,0.662,7.404,0.636,0.969,0.81,424.0173,428.6111,429.5729,Reversal/Mixed,407.3,0.508,4.999,9.836
2026-09-22,META,390,731.475,757.27,730.0,736.68,2026-09-22 09:38:00-04:00,2026-09-22 09:30:00-04:00,0.712,3.526,-0.202,0.202,3.526,0.245,1.0,0.441,745.225,737.352,738.1329,Reversal/Mixed,741.25,-1.319,-0.617,0.468
2026-09-22,MRVL,390,255.25,266.0,254.0,262.27,2026-09-22 15:50:00-04:00,2026-09-22 09:30:00-04:00,2.75,4.212,-0.49,0.49,4.212,0.689,1.0,0.997,262.2804,263.2831,264.0257,Reversal/Mixed,257.38,-0.828,1.9,-2.296
2026-09-22,MSFT,390,507.515,508.5,493.65,497.94,2026-09-22 09:30:00-04:00,2026-09-22 11:57:00-04:00,-1.887,0.194,-2.732,2.732,0.194,0.289,0.0,0.226,497.918,498.2501,498.4778,Trend Down,501.61,1.177,-0.732,-0.622
2026-09-22,MU,390,1033.28,1097.25,1030.015,1094.58,2026-09-22 15:52:00-04:00,2026-09-22 09:30:00-04:00,5.933,6.191,-0.316,0.316,6.191,0.96,1.0,1.0,1076.1463,1095.0461,1094.6352,Trend Up,1043.96,-1.023,4.849,-4.74
2026-09-22,NBIS,390,233.51,246.61,231.755,236.31,2026-09-22 09:55:00-04:00,2026-09-22 09:31:00-04:00,1.199,5.61,-0.752,0.752,5.61,0.307,0.995,0.174,238.4061,236.4439,236.7923,Reversal/Mixed,232.8,0.305,1.508,4.944
2026-09-22,NOW,390,141.83,142.1,135.23,137.1,2026-09-22 09:30:00-04:00,2026-09-22 11:39:00-04:00,-3.335,0.19,-4.653,4.653,0.19,0.272,0.0,0.223,137.0271,137.2802,137.4075,Trend Down,137.68,3.014,-0.421,-0.14
2026-09-22,NVDA,390,226.91,229.98,226.5,228.83,2026-09-22 13:06:00-04:00,2026-09-22 09:30:00-04:00,0.846,1.353,-0.181,0.181,1.353,0.67,1.0,0.9,228.6881,229.0688,229.2484,Reversal/Mixed,227.38,-0.207,0.638,-3.085
2026-09-22,PANW,390,374.394,377.91,363.58,374.48,2026-09-22 14:33:00-04:00,2026-09-22 09:50:00-04:00,0.023,0.939,-2.888,2.888,0.939,0.761,0.241,0.579,372.1988,374.0494,373.9761,Range Day,371.76,0.709,0.732,1.033
2026-09-22,PLTR,390,185.085,185.54,182.03,184.98,2026-09-22 09:30:00-04:00,2026-09-22 10:36:00-04:00,-0.057,0.246,-1.651,1.651,0.246,0.84,0.0,0.669,184.0597,184.954,184.8552,Range Day,183.09,1.09,1.032,0.947
2026-09-22,QQQ,390,741.005,748.349,741.0,747.465,2026-09-22 15:53:00-04:00,2026-09-22 09:30:00-04:00,0.872,0.991,-0.001,0.001,0.991,0.88,1.0,0.9,745.4553,747.5337,747.5791,Reversal/Mixed,741.47,-0.063,0.809,-12.894
2026-09-22,SNOW,390,345.7,346.7912,333.68,336.39,2026-09-22 09:30:00-04:00,2026-09-22 10:58:00-04:00,-2.693,0.316,-3.477,3.477,0.316,0.207,0.0,0.082,338.8369,336.1957,336.5528,Trend Down,339.39,1.859,-0.884,-0.475
2026-09-22,SPXL,330,294.74,296.05,293.2,294.09,2026-09-22 09:35:00-04:00,2026-09-22 11:40:00-04:00,-0.221,0.444,-0.522,0.522,0.444,0.312,0.379,0.373,294.7061,294.7168,295.0333,Range Day,294.55,0.065,-0.156,-2.421
2026-09-22,SPY,390,774.03,775.14,772.57,773.44,2026-09-22 09:35:00-04:00,2026-09-22 11:41:00-04:00,-0.076,0.143,-0.189,0.189,0.143,0.339,0.31,0.362,773.8645,773.9424,774.2177,Range Day,773.5,0.069,-0.008,-0.113
2026-09-22,TSLA,390,379.069,380.4175,372.88,378.86,2026-09-22 15:53:00-04:00,2026-09-22 09:36:00-04:00,-0.055,0.356,-1.633,1.633,0.356,0.793,0.262,0.792,377.5948,379.3685,379.5037,Range Day,375.3,1.004,0.949,0.945
2026-09-23,AAPL,390,341.075,341.8,335.61,336.95,2026-09-23 09:33:00-04:00,2026-09-23 15:54:00-04:00,-1.209,0.213,-1.602,1.602,0.213,0.216,0.003,0.01,337.5199,336.6178,336.5123,Trend Down,339.75,0.39,-0.824,-2.113
2026-09-23,AMD,390,622.15,624.6899,608.09,614.92,2026-09-23 09:30:00-04:00,2026-09-23 10:20:00-04:00,-1.162,0.408,-2.26,2.26,0.408,0.411,0.0,0.136,614.4665,614.0635,614.2931,Reversal/Mixed,623.77,-0.26,-1.419,5.463
2026-09-23,AMZN,390,253.33,253.81,247.76,249.35,2026-09-23 09:30:00-04:00,2026-09-23 13:27:00-04:00,-1.571,0.189,-2.199,2.199,0.189,0.263,0.0,0.121,249.7979,249.2389,249.2647,Trend Down,254.98,-0.647,-2.208,3.412
2026-09-23,ARM,390,331.72,336.9799,324.56,332.56,2026-09-23 09:30:00-04:00,2026-09-23 12:04:00-04:00,0.253,1.586,-2.158,2.158,1.586,0.644,0.29,0.438,330.4279,332.6599,332.921,Range Day,333.2,-0.444,-0.192,0.432
2026-09-23,AVGO,390,362.2,362.9,354.01,355.035,2026-09-23 09:30:00-04:00,2026-09-23 13:13:00-04:00,-1.978,0.193,-2.261,2.261,0.193,0.115,0.0,0.0,356.3146,354.7201,354.8067,Trend Down,364.54,-0.642,-2.607,4.062
2026-09-23,BE,390,276.965,282.635,271.025,275.17,2026-09-23 10:05:00-04:00,2026-09-23 13:13:00-04:00,-0.648,2.047,-2.145,2.145,2.047,0.357,0.146,0.126,275.8915,274.8853,274.7648,Reversal/Mixed,276.53,0.157,-0.492,-3.126
2026-09-23,COHR,390,312.12,312.2398,298.465,300.45,2026-09-23 09:30:00-04:00,2026-09-23 13:13:00-04:00,-3.739,0.038,-4.375,4.375,0.038,0.144,0.0,0.118,302.4014,300.2519,300.2541,Trend Down,310.39,0.557,-3.202,-5.746
2026-09-23,COIN,390,197.71,204.5,195.64,198.07,2026-09-23 09:45:00-04:00,2026-09-23 10:31:00-04:00,0.182,3.434,-1.047,1.047,3.434,0.274,0.933,0.156,199.4278,197.9553,197.9817,Range Day,201.07,-1.671,-1.492,0.893
2026-09-23,CRWD,390,251.976,263.19,248.51,262.5,2026-09-23 12:07:00-04:00,2026-09-23 09:30:00-04:00,4.177,4.45,-1.376,1.376,4.45,0.953,0.918,0.921,258.7834,262.3339,262.0797,Trend Up,249.35,1.053,5.274,5.008
2026-09-23,DELL,390,559.0,570.72,542.2303,549.79,2026-09-23 09:33:00-04:00,2026-09-23 13:11:00-04:00,-1.648,2.097,-3.0,3.0,2.097,0.265,0.069,0.046,553.9756,548.6545,548.7373,Trend Down,548.92,1.836,0.158,0.086
2026-09-23,DIA,390,516.02,517.66,513.95,514.31,2026-09-23 10:14:00-04:00,2026-09-23 15:59:00-04:00,-0.331,0.318,-0.401,0.401,0.318,0.097,0.262,0.118,515.3878,514.303,514.4188,Range Day,519.78,-0.723,-1.052,1.455
2026-09-23,FLNC,389,7.516,7.71,7.3857,7.585,2026-09-23 11:25:00-04:00,2026-09-23 09:30:00-04:00,0.918,2.581,-1.734,1.734,2.581,0.615,0.913,0.781,7.5707,7.5485,7.5488,Reversal/Mixed,7.27,3.384,4.333,1.28
2026-09-23,GNRC,351,204.39,206.29,198.78,199.36,2026-09-23 09:33:00-04:00,2026-09-23 15:44:00-04:00,-2.461,0.93,-2.745,2.745,0.93,0.077,0.256,0.279,202.1424,199.5273,199.6945,Trend Down,204.96,-0.278,-2.732,9.824
2026-09-23,GOOGL,390,349.78,350.0,337.45,337.86,2026-09-23 09:30:00-04:00,2026-09-23 15:54:00-04:00,-3.408,0.063,-3.525,3.525,0.063,0.033,0.0,0.003,340.99,337.8806,338.0585,Trend Down,351.16,-0.393,-3.787,9.638
2026-09-23,HOOD,390,122.574,126.73,122.28,122.71,2026-09-23 09:53:00-04:00,2026-09-23 15:54:00-04:00,0.111,3.391,-0.24,0.24,3.391,0.097,0.992,0.456,124.7864,122.7035,122.9493,Range Day,124.25,-1.349,-1.239,0.919
2026-09-23,INTC,390,123.81,124.25,119.44,122.6,2026-09-23 09:30:00-04:00,2026-09-23 10:43:00-04:00,-0.977,0.355,-3.53,3.53,0.355,0.657,0.0,0.279,121.0547,122.1835,122.0127,Reversal/Mixed,123.86,-0.04,-1.017,
2026-09-23,IREN,390,48.14,49.3699,47.01,47.04,2026-09-23 11:01:00-04:00,2026-09-23 15:59:00-04:00,-2.285,2.555,-2.347,2.347,2.555,0.013,0.559,0.249,48.2596,47.2903,47.499,Trend Down,48.55,-0.844,-3.11,3.683
2026-09-23,IWM,390,285.99,286.17,281.84,281.96,2026-09-23 09:30:00-04:00,2026-09-23 15:59:00-04:00,-1.409,0.063,-1.451,1.451,0.063,0.028,0.0,0.0,283.1053,282.0158,282.1007,Trend Down,287.21,-0.425,-1.828,4.303
2026-09-23,LITE,390,946.56,960.0,924.55,936.7,2026-09-23 10:55:00-04:00,2026-09-23 09:52:00-04:00,-1.042,1.42,-2.325,2.325,1.42,0.343,0.179,0.315,941.7596,936.7308,936.5865,Reversal/Mixed,945.67,0.094,-0.949,-10.078
2026-09-23,MDB,381,430.79,438.195,424.14,428.41,2026-09-23 09:53:00-04:00,2026-09-23 10:27:00-04:00,-0.552,1.719,-1.544,1.544,1.719,0.304,0.732,0.402,431.8724,428.7952,429.3392,Range Day,407.3,5.767,5.183,0.899
2026-09-23,META,390,747.95,763.9,739.51,744.02,2026-09-23 09:56:00-04:00,2026-09-23 09:30:00-04:00,-0.525,2.132,-1.128,1.128,2.132,0.185,0.746,0.423,750.7337,744.935,745.8517,Range Day,736.6,1.541,1.007,0.654
2026-09-23,MRVL,390,262.12,264.95,256.22,260.9,2026-09-23 09:30:00-04:00,2026-09-23 13:14:00-04:00,-0.465,1.08,-2.251,2.251,1.08,0.536,0.054,0.031,259.9509,260.2761,259.8897,Range Day,262.36,-0.091,-0.556,6.084
2026-09-23,MSFT,390,500.755,509.44,495.9,500.78,2026-09-23 09:41:00-04:00,2026-09-23 10:23:00-04:00,0.005,1.734,-0.97,0.97,1.734,0.36,0.113,0.041,501.0146,500.0513,499.9022,Range Day,498.0,0.553,0.558,1.009
2026-09-23,MU,390,1099.9399,1105.4999,1064.25,1071.4301,2026-09-23 09:30:00-04:00,2026-09-23 13:04:00-04:00,-2.592,0.505,-3.245,3.245,0.505,0.174,0.0,0.0,1079.3007,1072.039,1071.7425,Trend Down,1096.16,0.345,-2.256,-6.542
2026-09-23,NBIS,390,235.16,236.5686,226.39,226.42,2026-09-23 09:30:00-04:00,2026-09-23 15:57:00-04:00,-3.717,0.599,-3.729,3.729,0.599,0.003,0.01,0.231,231.7804,226.8332,227.5349,Trend Down,236.12,-0.407,-4.108,10.104
2026-09-23,NOW,390,137.22,141.54,136.15,140.81,2026-09-23 09:53:00-04:00,2026-09-23 09:30:00-04:00,2.616,3.148,-0.78,0.78,3.148,0.865,0.997,0.846,139.8253,140.6763,140.6534,Trend Up,137.0,0.161,2.781,17.318
2026-09-23,NVDA,390,228.08,228.95,224.02,225.51,2026-09-23 09:36:00-04:00,2026-09-23 12:51:00-04:00,-1.127,0.381,-1.78,1.78,0.381,0.302,0.041,0.031,225.8996,225.2295,225.2337,Reversal/Mixed,228.87,-0.345,-1.468,4.253
2026-09-23,PANW,390,379.8,393.52,374.22,393.3,2026-09-23 15:58:00-04:00,2026-09-23 09:30:00-04:00,3.555,3.612,-1.469,1.469,3.612,0.989,0.821,0.967,385.9683,392.8321,392.117,Trend Up,371.76,2.163,5.794,2.679
2026-09-23,PLTR,390,186.22,193.79,182.95,191.77,2026-09-23 10:58:00-04:00,2026-09-23 09:32:00-04:00,2.98,4.065,-1.756,1.756,4.065,0.814,0.99,0.767,190.8336,191.8189,191.7816,Trend Up,184.99,0.665,3.665,5.512
2026-09-23,QQQ,390,746.99,747.12,738.191,741.17,2026-09-23 09:30:00-04:00,2026-09-23 10:26:00-04:00,-0.779,0.017,-1.178,1.178,0.017,0.334,0.0,0.056,741.1645,740.7086,740.6811,Reversal/Mixed,747.46,-0.063,-0.842,13.382
2026-09-23,SNOW,390,338.15,348.61,333.16,334.8,2026-09-23 09:50:00-04:00,2026-09-23 10:29:00-04:00,-0.991,3.093,-1.476,1.476,3.093,0.106,0.321,0.144,338.4227,334.9537,335.0852,Reversal/Mixed,339.39,-0.365,-1.352,3.702
2026-09-23,SPXL,378,293.33,293.52,286.16,287.49,2026-09-23 09:30:00-04:00,2026-09-23 15:52:00-04:00,-1.991,0.065,-2.444,2.444,0.065,0.181,0.0,0.008,289.0301,287.1213,287.1813,Trend Down,294.17,-0.286,-2.271,7.952
2026-09-23,SPY,390,772.79,773.05,766.5,767.78,2026-09-23 09:30:00-04:00,2026-09-23 13:04:00-04:00,-0.648,0.034,-0.814,0.814,0.034,0.195,0.008,0.013,768.6106,767.4052,767.4515,Reversal/Mixed,773.38,-0.076,-0.724,9.491
2026-09-23,TSLA,390,379.935,386.7,377.575,380.24,2026-09-23 10:05:00-04:00,2026-09-23 13:04:00-04:00,0.08,1.781,-0.621,0.621,1.781,0.292,0.469,0.077,381.1513,379.9076,379.8205,Range Day,378.9,0.273,0.354,1.295
2026-09-24,AAPL,390,336.32,338.91,334.3,335.87,2026-09-24 12:18:00-04:00,2026-09-24 09:42:00-04:00,-0.134,0.77,-0.601,0.601,0.77,0.341,0.79,0.726,336.9126,336.3259,336.6746,Range Day,337.02,-0.208,-0.341,1.643
2026-09-24,AMD,390,600.755,630.79,599.35,629.02,2026-09-24 15:56:00-04:00,2026-09-24 09:30:00-04:00,4.705,5.0,-0.234,0.234,5.0,0.944,1.0,0.787,619.0083,629.3085,628.9232,Trend Up,614.61,-2.254,2.345,-1.04
2026-09-24,AMZN,390,245.97,250.43,245.605,249.35,2026-09-24 14:39:00-04:00,2026-09-24 10:00:00-04:00,1.374,1.813,-0.148,0.148,1.813,0.776,0.977,0.795,247.7632,249.4511,249.4306,Trend Up,249.27,-1.324,0.032,-0.024
2026-09-24,ARM,390,319.23,326.0,303.65,306.43,2026-09-24 09:47:00-04:00,2026-09-24 15:55:00-04:00,-4.01,2.121,-4.88,4.88,2.121,0.124,0.185,0.208,313.3902,306.0063,306.8143,Trend Down,332.56,-4.008,-7.857,1.96
2026-09-24,AVGO,390,349.21,351.4299,346.89,350.27,2026-09-24 13:06:00-04:00,2026-09-24 11:21:00-04:00,0.304,0.636,-0.664,0.664,0.636,0.745,0.541,0.628,349.1354,350.2418,350.0091,Range Day,354.99,-1.628,-1.33,0.817
2026-09-24,BE,390,256.0,269.34,251.3,266.52,2026-09-24 14:58:00-04:00,2026-09-24 09:34:00-04:00,4.109,5.211,-1.836,1.836,5.211,0.844,0.921,0.903,259.7723,266.1296,266.1453,Trend Up,275.19,-6.973,-3.151,0.452
2026-09-24,COHR,390,294.9,300.89,290.2,290.44,2026-09-24 09:47:00-04:00,2026-09-24 15:58:00-04:00,-1.512,2.031,-1.594,1.594,2.031,0.022,0.318,0.415,293.5125,290.8254,291.0424,Trend Down,300.6,-1.896,-3.38,1.782
2026-09-24,COIN,390,196.74,202.7752,193.69,199.16,2026-09-24 09:32:00-04:00,2026-09-24 09:51:00-04:00,1.23,3.068,-1.55,1.55,3.068,0.602,0.713,0.626,197.9479,199.3148,199.2891,Reversal/Mixed,198.13,-0.702,0.52,-0.741
2026-09-24,CRWD,390,261.775,263.86,258.5295,259.62,2026-09-24 12:48:00-04:00,2026-09-24 09:50:00-04:00,-0.823,0.796,-1.24,1.24,0.796,0.205,0.508,0.733,261.4186,259.9611,260.3067,Reversal/Mixed,262.49,-0.272,-1.093,4.014
2026-09-24,DELL,390,535.97,549.85,530.45,536.1,2026-09-24 14:55:00-04:00,2026-09-24 12:01:00-04:00,0.024,2.59,-1.03,1.03,2.59,0.291,0.533,0.454,537.6205,538.0231,539.9677,Range Day,549.83,-2.521,-2.497,0.991
2026-09-24,DIA,389,512.85,514.14,510.42,512.65,2026-09-24 12:18:00-04:00,2026-09-24 11:14:00-04:00,-0.039,0.252,-0.474,0.474,0.252,0.599,0.329,0.517,512.5769,512.8199,512.8595,Range Day,514.3,-0.282,-0.321,1.138
2026-09-24,FLNC,388,7.42,7.585,7.24,7.455,2026-09-24 15:33:00-04:00,2026-09-24 11:14:00-04:00,0.472,2.224,-2.426,2.426,2.224,0.623,0.466,0.631,7.3978,7.4971,7.5184,Range Day,7.58,-2.111,-1.649,0.781
2026-09-24,GNRC,333,195.1,199.5,193.96,197.93,2026-09-24 12:41:00-04:00,2026-09-24 09:30:00-04:00,1.451,2.255,-0.584,0.584,2.255,0.717,0.988,0.964,197.0251,197.939,197.9278,Trend Up,199.42,-2.166,-0.747,0.345
2026-09-24,GOOGL,390,336.235,343.09,336.0201,342.42,2026-09-24 12:57:00-04:00,2026-09-24 09:30:00-04:00,1.839,2.039,-0.064,0.064,2.039,0.905,1.0,0.913,340.0227,342.4974,342.3215,Trend Up,337.83,-0.472,1.359,-2.878
2026-09-24,HOOD,390,119.5,123.5596,119.091,120.81,2026-09-24 10:33:00-04:00,2026-09-24 09:30:00-04:00,1.096,3.397,-0.342,0.342,3.397,0.385,1.0,0.503,121.2927,120.866,120.8602,Reversal/Mixed,122.7,-2.608,-1.54,0.591
2026-09-24,INTC,390,120.61,127.435,119.55,127.36,2026-09-24 15:58:00-04:00,2026-09-24 09:30:00-04:00,5.597,5.659,-0.879,0.879,5.659,0.99,0.997,0.841,124.4712,127.2671,127.1308,Trend Up,122.6,-1.623,3.883,-2.392
2026-09-24,IREN,390,45.86,47.3204,45.1429,46.18,2026-09-24 09:40:00-04:00,2026-09-24 11:23:00-04:00,0.698,3.184,-1.564,1.564,3.184,0.476,0.736,0.615,46.0774,46.155,46.1571,Reversal/Mixed,47.05,-2.529,-1.849,0.731
2026-09-24,IWM,390,281.33,282.24,279.045,281.66,2026-09-24 14:39:00-04:00,2026-09-24 12:01:00-04:00,0.117,0.323,-0.812,0.812,0.323,0.818,0.341,0.592,280.8777,281.6767,281.6535,Range Day,281.92,-0.209,-0.092,0.441
2026-09-24,LITE,390,923.83,954.4499,912.0,928.97,2026-09-24 09:48:00-04:00,2026-09-24 10:53:00-04:00,0.556,3.314,-1.281,1.281,3.314,0.4,0.682,0.541,926.8992,928.6364,928.4624,Range Day,937.0,-1.406,-0.857,0.61
2026-09-24,MDB,379,425.09,427.0,416.39,421.45,2026-09-24 11:04:00-04:00,2026-09-24 14:05:00-04:00,-0.856,0.449,-2.047,2.047,0.449,0.477,0.032,0.198,420.5559,420.6925,420.8776,Reversal/Mixed,428.36,-0.763,-1.613,2.113
2026-09-24,META,390,744.35,779.8192,743.006,777.44,2026-09-24 15:50:00-04:00,2026-09-24 09:30:00-04:00,4.445,4.765,-0.181,0.181,4.765,0.935,1.0,0.992,766.2101,777.8787,777.8646,Trend Up,744.1,0.034,4.481,
2026-09-24,MRVL,390,254.0,261.98,252.19,258.89,2026-09-24 14:59:00-04:00,2026-09-24 09:30:00-04:00,1.925,3.142,-0.713,0.713,3.142,0.684,0.985,0.805,257.6846,259.4311,260.0827,Reversal/Mixed,260.9,-2.645,-0.77,0.291
2026-09-24,MSFT,390,495.39,498.88,491.22,497.585,2026-09-24 15:54:00-04:00,2026-09-24 09:54:00-04:00,0.443,0.704,-0.842,0.842,0.704,0.831,0.508,0.9,495.0757,497.7679,497.7821,Range Day,500.59,-1.039,-0.6,0.578
2026-09-24,MU,390,1049.75,1081.04,1044.0,1078.62,2026-09-24 15:59:00-04:00,2026-09-24 09:33:00-04:00,2.75,2.981,-0.548,0.548,2.981,0.935,0.954,0.905,1062.6169,1079.087,1078.2303,Trend Up,1071.88,-2.065,0.629,-0.305
2026-09-24,NBIS,390,232.03,249.19,229.5,243.435,2026-09-24 13:50:00-04:00,2026-09-24 09:31:00-04:00,4.915,7.396,-1.09,1.09,7.396,0.708,0.997,0.982,242.0629,244.0388,244.7776,Trend Up,226.61,2.392,7.425,3.104
2026-09-24,NOW,390,139.9,141.0422,137.53,137.78,2026-09-24 09:30:00-04:00,2026-09-24 09:47:00-04:00,-1.515,0.816,-1.694,1.694,0.816,0.071,0.031,0.292,138.8168,138.0602,138.1699,Trend Down,140.78,-0.625,-2.131,3.409
2026-09-24,NVDA,390,222.116,224.9,221.0908,224.54,2026-09-24 15:54:00-04:00,2026-09-24 09:32:00-04:00,1.091,1.253,-0.462,0.462,1.253,0.905,0.823,0.733,223.1439,224.4278,224.1799,Trend Up,225.51,-1.505,-0.43,0.286
2026-09-24,PANW,389,392.44,396.3,387.79,389.83,2026-09-24 09:44:00-04:00,2026-09-24 10:33:00-04:00,-0.665,0.984,-1.185,1.185,0.984,0.24,0.337,0.504,391.6742,390.6525,390.9952,Reversal/Mixed,393.3,-0.219,-0.882,4.035
2026-09-24,PLTR,390,189.2,194.68,188.24,192.61,2026-09-24 12:29:00-04:00,2026-09-24 09:54:00-04:00,1.802,2.896,-0.507,0.507,2.896,0.679,0.99,0.938,191.8984,192.6755,192.5831,Reversal/Mixed,191.79,-1.35,0.428,-0.317
2026-09-24,QQQ,390,735.16,742.65,734.6301,741.06,2026-09-24 13:05:00-04:00,2026-09-24 09:30:00-04:00,0.803,1.019,-0.072,0.072,1.019,0.802,0.969,0.821,738.5531,741.31,741.2452,Reversal/Mixed,741.21,-0.816,-0.02,0.025
2026-09-24,SNOW,389,332.85,337.645,328.21,334.1,2026-09-24 10:47:00-04:00,2026-09-24 09:46:00-04:00,0.376,1.441,-1.394,1.394,1.441,0.624,0.923,0.956,334.2433,334.8041,335.3809,Range Day,334.81,-0.585,-0.212,0.362
2026-09-24,SPXL,372,283.3,288.725,282.36,286.97,2026-09-24 12:57:00-04:00,2026-09-24 11:14:00-04:00,1.295,1.915,-0.332,0.332,1.915,0.724,0.887,0.796,285.6363,287.2698,287.3217,Trend Up,287.55,-1.478,-0.202,0.136
2026-09-24,SPY,390,764.065,768.95,763.245,767.24,2026-09-24 12:57:00-04:00,2026-09-24 11:14:00-04:00,0.416,0.639,-0.107,0.107,0.639,0.7,0.879,0.787,766.4135,767.557,767.6135,Range Day,767.81,-0.488,-0.074,0.152
2026-09-24,TSLA,390,377.35,383.3324,375.7,377.91,2026-09-24 12:42:00-04:00,2026-09-24 12:13:00-04:00,0.148,1.585,-0.437,0.437,1.585,0.29,0.764,0.664,378.8902,378.7444,379.1115,Range Day,380.12,-0.729,-0.581,0.798
2026-09-28,AAPL,390,340.37,342.988,338.04,338.365,2026-09-28 09:53:00-04:00,2026-09-28 15:38:00-04:00,-0.589,0.769,-0.685,0.685,0.769,0.066,0.482,0.156,340.4423,338.4586,338.4617,Range Day,335.92,1.325,0.728,0.549
2026-09-28,AMD,390,624.895,628.765,596.07,607.86,2026-09-28 09:30:00-04:00,2026-09-28 10:52:00-04:00,-2.726,0.619,-4.613,4.613,0.619,0.361,0.008,0.054,607.8208,607.6184,607.3939,Reversal/Mixed,629.26,-0.694,-3.401,4.903
2026-09-28,AMZN,390,246.32,247.7699,244.725,246.26,2026-09-28 13:14:00-04:00,2026-09-28 09:31:00-04:00,-0.024,0.589,-0.648,0.648,0.589,0.504,0.669,0.8,246.3632,246.1717,246.1417,Range Day,249.38,-1.227,-1.251,1.02
2026-09-28,ARM,390,305.83,307.01,279.2,283.26,2026-09-28 09:30:00-04:00,2026-09-28 10:44:00-04:00,-7.38,0.386,-8.707,8.707,0.386,0.146,0.0,0.085,285.9168,283.7385,283.9511,Trend Down,306.34,-0.166,-7.534,45.254
2026-09-28,AVGO,390,352.575,355.85,347.32,349.57,2026-09-28 09:31:00-04:00,2026-09-28 10:48:00-04:00,-0.852,0.929,-1.49,1.49,0.929,0.264,0.021,0.231,350.7711,349.5237,349.4603,Reversal/Mixed,350.36,0.632,-0.225,-0.357
2026-09-28,BE,390,282.51,286.2596,259.46,262.9,2026-09-28 09:30:00-04:00,2026-09-28 11:19:00-04:00,-6.941,1.327,-8.159,8.159,1.327,0.128,0.0,0.008,266.526,262.5904,262.7631,Trend Down,266.65,5.948,-1.406,-0.236
2026-09-28,COHR,390,290.08,299.37,275.79,282.3837,2026-09-28 09:33:00-04:00,2026-09-28 11:23:00-04:00,-2.653,3.203,-4.926,4.926,3.203,0.28,0.026,0.156,281.509,282.0922,281.9684,Trend Down,290.61,-0.182,-2.831,15.521
2026-09-28,COIN,390,196.0,198.7799,191.11,191.8,2026-09-28 09:31:00-04:00,2026-09-28 11:21:00-04:00,-2.143,1.418,-2.495,2.495,1.418,0.09,0.041,0.1,194.1267,192.023,192.182,Trend Down,199.21,-1.611,-3.72,2.308
2026-09-28,CRWD,390,248.08,260.6847,246.51,259.24,2026-09-28 13:34:00-04:00,2026-09-28 09:30:00-04:00,4.499,5.081,-0.633,0.633,5.081,0.898,1.0,0.936,256.3474,259.4139,259.5158,Trend Up,259.67,-4.463,-0.166,0.037
2026-09-28,DELL,390,551.74,557.0,535.5,543.42,2026-09-28 09:30:00-04:00,2026-09-28 11:18:00-04:00,-1.508,0.953,-2.943,2.943,0.953,0.368,0.021,0.256,543.9785,541.6921,541.4376,Reversal/Mixed,536.02,2.933,1.381,0.471
2026-09-28,DIA,389,514.29,517.04,513.2999,514.09,2026-09-28 13:12:00-04:00,2026-09-28 11:02:00-04:00,-0.039,0.535,-0.193,0.193,0.535,0.211,0.609,0.594,514.5965,513.9824,514.0268,Range Day,512.68,0.314,0.275,0.876
2026-09-28,FLNC,386,7.53,7.755,7.42,7.505,2026-09-28 10:23:00-04:00,2026-09-28 09:41:00-04:00,-0.332,2.988,-1.461,1.461,2.988,0.254,0.837,0.386,7.5618,7.4996,7.5063,Range Day,7.46,0.938,0.603,0.643
2026-09-28,GNRC,364,207.41,208.36,200.71,205.23,2026-09-28 09:31:00-04:00,2026-09-28 11:18:00-04:00,-1.051,0.458,-3.23,3.23,0.458,0.591,0.011,0.47,205.0194,204.9185,204.967,Reversal/Mixed,198.05,4.726,3.625,0.767
2026-09-28,GOOGL,390,340.7,343.59,339.56,342.8,2026-09-28 09:39:00-04:00,2026-09-28 10:16:00-04:00,0.616,0.848,-0.335,0.335,0.848,0.804,0.741,0.518,341.5456,342.5523,342.3871,Reversal/Mixed,342.36,-0.485,0.129,-0.265
2026-09-28,HOOD,390,117.95,120.17,116.06,116.505,2026-09-28 09:43:00-04:00,2026-09-28 11:46:00-04:00,-1.225,1.882,-1.602,1.602,1.882,0.108,0.159,0.069,117.5258,116.4793,116.539,Trend Down,120.82,-2.375,-3.571,1.503
2026-09-28,INTC,390,120.655,121.71,114.705,116.13,2026-09-28 09:32:00-04:00,2026-09-28 11:35:00-04:00,-3.75,0.874,-4.931,4.931,0.874,0.203,0.005,0.005,116.5851,116.031,115.9478,Trend Down,127.39,-5.287,-8.839,1.672
2026-09-28,IREN,390,43.36,43.98,41.695,41.72,2026-09-28 09:31:00-04:00,2026-09-28 15:59:00-04:00,-3.782,1.43,-3.84,3.84,1.43,0.011,0.149,0.121,42.5903,41.8241,41.8731,Trend Down,46.15,-6.046,-9.599,1.588
2026-09-28,IWM,390,280.33,281.93,278.8,280.05,2026-09-28 13:12:00-04:00,2026-09-28 11:47:00-04:00,-0.1,0.571,-0.546,0.546,0.571,0.399,0.451,0.674,280.0671,280.01,280.0763,Range Day,281.66,-0.472,-0.572,1.211
2026-09-28,LITE,390,947.98,950.5,881.23,921.66,2026-09-28 09:32:00-04:00,2026-09-28 11:22:00-04:00,-2.776,0.266,-7.041,7.041,0.266,0.584,0.003,0.2,905.1601,921.1699,920.705,Reversal/Mixed,929.04,2.039,-0.794,-0.39
2026-09-28,MDB,390,311.236,344.3016,300.0,334.6,2026-09-28 15:08:00-04:00,2026-09-28 09:32:00-04:00,7.507,10.624,-3.61,3.61,10.624,0.781,0.979,0.987,327.0201,336.5113,338.3847,Trend Up,421.4,-26.142,-20.598,0.788
2026-09-28,META,390,750.425,750.576,713.19,715.72,2026-09-28 09:30:00-04:00,2026-09-28 15:55:00-04:00,-4.625,0.02,-4.962,4.962,0.02,0.068,0.0,0.003,723.5824,715.301,715.8964,Trend Down,777.59,-3.493,-7.957,2.278
2026-09-28,MRVL,390,259.03,261.7814,248.1415,251.89,2026-09-28 09:32:00-04:00,2026-09-28 10:48:00-04:00,-2.756,1.062,-4.204,4.204,1.062,0.275,0.01,0.195,253.0721,251.7089,251.5372,Trend Down,258.95,0.031,-2.726,
2026-09-28,MSFT,390,505.425,513.33,502.22,509.47,2026-09-28 13:13:00-04:00,2026-09-28 09:31:00-04:00,0.8,1.564,-0.634,0.634,1.564,0.653,0.949,0.951,508.5226,509.3785,509.4194,Reversal/Mixed,497.93,1.505,2.318,1.54
2026-09-28,MU,390,1075.6,1084.8101,1032.0,1053.89,2026-09-28 09:32:00-04:00,2026-09-28 10:48:00-04:00,-2.018,0.856,-4.054,4.054,0.856,0.415,0.005,0.487,1053.4957,1053.8336,1053.7525,Reversal/Mixed,1080.53,-0.456,-2.465,5.404
2026-09-28,NBIS,390,235.002,245.35,228.38,231.81,2026-09-28 09:43:00-04:00,2026-09-28 11:17:00-04:00,-1.358,4.403,-2.818,2.818,4.403,0.202,0.208,0.105,235.2686,231.9666,232.1537,Trend Down,243.48,-3.482,-4.793,1.377
2026-09-28,NOW,390,129.8,131.89,126.75,131.44,2026-09-28 13:12:00-04:00,2026-09-28 09:35:00-04:00,1.263,1.61,-2.35,2.35,1.61,0.912,0.928,0.956,130.1693,131.3196,131.3151,Trend Up,137.78,-5.792,-4.602,0.794
2026-09-28,NVDA,390,229.7,233.21,228.04,228.88,2026-09-28 09:41:00-04:00,2026-09-28 15:54:00-04:00,-0.357,1.528,-0.723,0.723,1.528,0.162,0.828,0.195,230.635,228.7189,228.7123,Range Day,224.58,2.28,1.915,0.84
2026-09-28,PANW,390,370.27,394.5,367.2678,392.06,2026-09-28 14:52:00-04:00,2026-09-28 09:30:00-04:00,5.885,6.544,-0.811,0.811,6.544,0.91,1.0,0.995,386.4183,391.8806,392.2218,Trend Up,389.92,-5.04,0.549,-0.109
2026-09-28,PLTR,390,186.231,190.25,185.62,187.56,2026-09-28 13:17:00-04:00,2026-09-28 09:32:00-04:00,0.714,2.158,-0.328,0.328,2.158,0.419,0.997,0.708,188.0986,187.5711,187.6545,Reversal/Mixed,192.59,-3.302,-2.612,0.791
2026-09-28,QQQ,390,740.455,741.42,731.63,736.54,2026-09-28 09:32:00-04:00,2026-09-28 10:48:00-04:00,-0.529,0.13,-1.192,1.192,0.13,0.502,0.003,0.523,736.7485,736.4083,736.4537,Range Day,741.1,-0.087,-0.615,7.07
2026-09-28,SNOW,390,320.01,333.72,316.63,328.06,2026-09-28 12:28:00-04:00,2026-09-28 09:30:00-04:00,2.516,4.284,-1.056,1.056,4.284,0.669,0.992,0.992,327.1078,328.3617,329.0684,Reversal/Mixed,334.0,-4.189,-1.778,0.425
2026-09-28,SPXL,370,287.84,289.16,282.58,284.55,2026-09-28 12:27:00-04:00,2026-09-28 10:55:00-04:00,-1.143,0.459,-1.827,1.827,0.459,0.299,0.032,0.343,286.1087,284.3761,284.4368,Trend Down,287.0,0.293,-0.854,-2.917
2026-09-28,SPY,390,768.35,769.54,763.715,765.5,2026-09-28 12:27:00-04:00,2026-09-28 10:55:00-04:00,-0.371,0.155,-0.603,0.603,0.155,0.306,0.028,0.431,766.47,765.3456,765.3916,Range Day,767.18,0.153,-0.219,-1.436
2026-09-28,TSLA,390,368.06,369.42,356.8,357.39,2026-09-28 09:30:00-04:00,2026-09-28 15:53:00-04:00,-2.899,0.37,-3.059,3.059,0.37,0.047,0.003,0.018,360.712,357.5715,357.6611,Trend Down,377.94,-2.614,-5.437,2.08
2026-09-29,AAPL,390,337.06,337.06,328.7,329.59,2026-09-29 09:30:00-04:00,2026-09-29 15:55:00-04:00,-2.216,0.0,-2.48,2.48,0.0,0.106,0.0,0.008,331.5762,329.4115,329.5154,Trend Down,338.4,-0.396,-2.603,6.575
2026-09-29,AMD,390,616.96,624.13,605.25,607.77,2026-09-29 09:56:00-04:00,2026-09-29 15:55:00-04:00,-1.49,1.162,-1.898,1.898,1.162,0.133,0.087,0.156,613.6362,607.2493,607.1574,Trend Down,607.87,1.495,-0.016,-0.011
2026-09-29,AMZN,390,246.945,248.8389,245.14,246.695,2026-09-29 15:00:00-04:00,2026-09-29 10:02:00-04:00,-0.101,0.767,-0.731,0.731,0.767,0.42,0.379,0.718,246.7858,246.7506,246.8903,Range Day,246.15,0.323,0.221,0.686
2026-09-29,ARM,388,291.005,301.0,287.0601,293.67,2026-09-29 09:56:00-04:00,2026-09-29 09:36:00-04:00,0.916,3.435,-1.356,1.356,3.435,0.474,0.972,0.853,296.212,293.6859,294.0558,Reversal/Mixed,283.33,2.709,3.649,1.347
2026-09-29,AVGO,390,357.08,361.86,354.0,355.18,2026-09-29 10:43:00-04:00,2026-09-29 13:58:00-04:00,-0.532,1.339,-0.863,0.863,1.339,0.15,0.469,0.218,357.952,355.022,355.0725,Range Day,349.57,2.148,1.605,0.747
2026-09-29,BE,390,272.82,302.354,271.2,291.22,2026-09-29 10:29:00-04:00,2026-09-29 09:30:00-04:00,6.744,10.825,-0.594,0.594,10.825,0.643,1.0,0.882,292.4617,291.4978,291.5387,Reversal/Mixed,262.87,3.785,10.785,2.849
2026-09-29,COHR,390,289.925,302.72,285.85,292.3,2026-09-29 10:27:00-04:00,2026-09-29 09:35:00-04:00,0.819,4.413,-1.406,1.406,4.413,0.382,0.974,0.395,294.6901,292.117,291.7817,Reversal/Mixed,282.45,2.646,3.487,1.318
2026-09-29,COIN,390,197.41,197.63,188.1543,190.07,2026-09-29 09:30:00-04:00,2026-09-29 15:41:00-04:00,-3.718,0.111,-4.689,4.689,0.111,0.202,0.0,0.0,191.529,189.7703,189.4636,Trend Down,191.79,2.93,-0.897,-0.306
2026-09-29,CRWD,390,257.5,262.85,255.755,262.74,2026-09-29 15:59:00-04:00,2026-09-29 09:43:00-04:00,2.035,2.078,-0.678,0.678,2.078,0.984,0.959,0.723,259.9124,262.5288,262.2934,Trend Up,259.25,-0.675,1.346,-1.994
2026-09-29,DELL,390,550.73,551.39,536.58,539.69,2026-09-29 09:37:00-04:00,2026-09-29 15:53:00-04:00,-2.005,0.12,-2.569,2.569,0.12,0.21,0.0,0.154,543.2355,538.6936,538.8838,Trend Down,543.43,1.343,-0.688,-0.512
2026-09-29,DIA,390,513.79,514.26,510.46,512.87,2026-09-29 09:42:00-04:00,2026-09-29 12:02:00-04:00,-0.179,0.091,-0.648,0.648,0.091,0.634,0.008,0.277,512.181,512.8765,512.8574,Range Day,514.02,-0.045,-0.224,
2026-09-29,FLNC,385,7.75,7.925,7.59,7.835,2026-09-29 10:57:00-04:00,2026-09-29 09:39:00-04:00,1.097,2.258,-2.065,2.065,2.258,0.731,0.834,0.725,7.8067,7.8319,7.8329,Trend Up,7.5,3.333,4.467,1.34
2026-09-29,GNRC,350,207.9,212.41,205.25,212.32,2026-09-29 15:43:00-04:00,2026-09-29 09:31:00-04:00,2.126,2.169,-1.275,1.275,2.169,0.987,0.871,0.831,210.0059,212.0726,211.9163,Trend Up,205.21,1.311,3.465,2.643
2026-09-29,GOOGL,390,341.95,342.84,338.02,340.94,2026-09-29 09:35:00-04:00,2026-09-29 10:23:00-04:00,-0.295,0.26,-1.149,1.149,0.26,0.606,0.013,0.274,339.9209,341.1852,341.2058,Range Day,342.75,-0.233,-0.528,2.263
2026-09-29,HOOD,390,118.83,119.1899,114.93,116.24,2026-09-29 09:42:00-04:00,2026-09-29 13:59:00-04:00,-2.18,0.303,-3.282,3.282,0.303,0.308,0.003,0.097,116.4137,116.1217,116.0163,Reversal/Mixed,116.46,2.035,-0.189,-0.093
2026-09-29,INTC,390,116.86,118.75,113.97,115.98,2026-09-29 11:06:00-04:00,2026-09-29 09:43:00-04:00,-0.753,1.617,-2.473,2.473,1.617,0.421,0.185,0.272,116.5973,115.9096,115.903,Reversal/Mixed,116.03,0.715,-0.043,-0.06
2026-09-29,IREN,390,42.535,42.85,40.98,41.39,2026-09-29 10:28:00-04:00,2026-09-29 12:56:00-04:00,-2.692,0.741,-3.656,3.656,0.741,0.219,0.013,0.11,41.6666,41.3142,41.2841,Trend Down,41.72,1.953,-0.791,-0.405
2026-09-29,IWM,390,280.25,281.05,277.41,279.06,2026-09-29 09:42:00-04:00,2026-09-29 12:45:00-04:00,-0.425,0.285,-1.013,1.013,0.285,0.453,0.021,0.126,278.7606,278.9566,278.8954,Range Day,280.02,0.082,-0.343,-4.174
2026-09-29,LITE,390,945.0,998.88,934.505,973.01,2026-09-29 09:58:00-04:00,2026-09-29 09:30:00-04:00,2.964,5.702,-1.111,1.111,5.702,0.598,0.992,0.518,974.0342,972.0067,970.2582,Reversal/Mixed,921.32,2.57,5.61,2.183
2026-09-29,MDB,390,335.06,349.0,321.0,336.91,2026-09-29 14:28:00-04:00,2026-09-29 09:33:00-04:00,0.552,4.16,-4.196,4.196,4.16,0.568,0.133,0.685,331.896,337.2748,337.0177,Range Day,334.68,0.114,0.666,5.868
2026-09-29,META,390,725.335,740.45,715.1,739.02,2026-09-29 15:57:00-04:00,2026-09-29 13:06:00-04:00,1.887,2.084,-1.411,1.411,2.084,0.944,0.39,0.469,726.5456,738.1791,736.819,Trend Up,715.62,1.358,3.27,2.409
2026-09-29,MRVL,390,259.0,264.395,256.88,263.28,2026-09-29 15:06:00-04:00,2026-09-29 09:35:00-04:00,1.653,2.083,-0.819,0.819,2.083,0.852,0.987,0.933,261.8367,262.599,262.4233,Trend Up,251.9,2.819,4.518,1.603
2026-09-29,MSFT,390,508.13,513.64,502.4,509.04,2026-09-29 10:40:00-04:00,2026-09-29 09:43:00-04:00,0.179,1.084,-1.128,1.128,1.084,0.591,0.605,0.618,508.5602,509.1865,509.7344,Range Day,509.22,-0.214,-0.035,0.165
2026-09-29,MU,390,1077.6899,1082.6599,1057.7,1065.4,2026-09-29 10:27:00-04:00,2026-09-29 09:36:00-04:00,-1.14,0.461,-1.855,1.855,0.461,0.308,0.115,0.359,1070.9452,1065.7503,1066.4324,Reversal/Mixed,1053.98,2.25,1.084,0.482
2026-09-29,NBIS,390,235.01,246.975,233.61,237.27,2026-09-29 10:28:00-04:00,2026-09-29 09:38:00-04:00,0.962,5.091,-0.596,0.596,5.091,0.274,0.995,0.438,240.5402,237.8072,237.941,Reversal/Mixed,231.88,1.35,2.324,1.722
2026-09-29,NOW,390,130.83,132.44,128.12,129.99,2026-09-29 10:30:00-04:00,2026-09-29 13:36:00-04:00,-0.642,1.231,-2.071,2.071,1.231,0.433,0.349,0.282,130.1839,130.0134,130.0118,Reversal/Mixed,131.45,-0.472,-1.111,2.355
2026-09-29,NVDA,390,230.995,232.82,227.025,227.3,2026-09-29 09:34:00-04:00,2026-09-29 15:59:00-04:00,-1.6,0.79,-1.719,1.719,0.79,0.047,0.064,0.144,229.6314,227.4736,227.6604,Trend Down,228.86,0.933,-0.682,-0.731
2026-09-29,PANW,390,391.0,391.75,377.965,388.49,2026-09-29 09:30:00-04:00,2026-09-29 09:47:00-04:00,-0.642,0.192,-3.334,3.334,0.192,0.764,0.0,0.472,383.8556,388.2073,387.7752,Reversal/Mixed,392.09,-0.278,-0.918,3.303
2026-09-29,PLTR,390,187.34,188.63,184.81,186.97,2026-09-29 09:31:00-04:00,2026-09-29 09:43:00-04:00,-0.197,0.689,-1.35,1.35,0.689,0.565,0.041,0.113,186.2934,186.7891,186.5628,Range Day,187.48,-0.075,-0.272,3.643
2026-09-29,QQQ,390,740.17,740.5799,735.34,737.96,2026-09-29 09:30:00-04:00,2026-09-29 12:45:00-04:00,-0.299,0.055,-0.653,0.653,0.055,0.5,0.0,0.323,737.8521,737.9894,738.0142,Range Day,736.53,0.494,0.194,0.393
2026-09-29,SNOW,389,331.18,333.41,324.17,330.3,2026-09-29 09:35:00-04:00,2026-09-29 11:48:00-04:00,-0.266,0.673,-2.117,2.117,0.673,0.663,0.059,0.401,329.0812,330.8725,330.9488,Range Day,328.12,0.933,0.664,0.712
2026-09-29,SPXL,363,286.09,286.09,281.0,283.27,2026-09-29 09:30:00-04:00,2026-09-29 13:03:00-04:00,-0.986,0.0,-1.779,1.779,0.0,0.446,0.0,0.16,283.309,283.19,283.2121,Reversal/Mixed,284.66,0.502,-0.488,-0.972
2026-09-29,SPY,390,766.83,766.98,762.35,764.29,2026-09-29 09:30:00-04:00,2026-09-29 13:16:00-04:00,-0.331,0.02,-0.584,0.584,0.02,0.419,0.0,0.195,764.2934,764.2666,764.3092,Range Day,765.61,0.159,-0.172,-1.082
2026-09-29,TSLA,390,358.42,358.74,351.67,352.9,2026-09-29 09:30:00-04:00,2026-09-29 12:57:00-04:00,-1.54,0.089,-1.883,1.883,0.089,0.174,0.0,0.369,353.6776,352.8723,352.8453,Trend Down,357.45,0.271,-1.273,-4.691
2026-09-30,AAPL,390,330.8,339.5,330.1401,333.01,2026-09-30 10:09:00-04:00,2026-09-30 09:30:00-04:00,0.668,2.63,-0.199,0.199,2.63,0.307,1.0,0.567,335.9357,333.7247,334.2688,Reversal/Mixed,329.4,0.425,1.096,2.579
2026-09-30,AMD,390,609.33,615.17,600.1,611.74,2026-09-30 09:33:00-04:00,2026-09-30 11:18:00-04:00,0.396,0.958,-1.515,1.515,0.958,0.772,0.195,0.423,607.2501,612.564,612.693,Range Day,607.57,0.29,0.686,2.369
2026-09-30,AMZN,390,246.635,252.44,246.09,249.03,2026-09-30 11:16:00-04:00,2026-09-30 09:40:00-04:00,0.971,2.354,-0.221,0.221,2.354,0.463,0.99,0.767,250.1995,249.6484,249.8443,Reversal/Mixed,246.67,-0.014,0.957,
2026-09-30,ARM,387,293.6,295.99,283.5,289.76,2026-09-30 09:30:00-04:00,2026-09-30 11:18:00-04:00,-1.308,0.814,-3.44,3.44,0.814,0.501,0.013,0.183,288.3557,289.6997,289.3407,Reversal/Mixed,293.67,-0.024,-1.331,
2026-09-30,AVGO,390,356.955,357.9,350.69,351.29,2026-09-30 09:30:00-04:00,2026-09-30 15:55:00-04:00,-1.587,0.265,-1.755,1.755,0.265,0.083,0.0,0.0,353.6463,351.7191,352.1456,Trend Down,355.1,0.522,-1.073,-2.054
2026-09-30,BE,390,296.06,300.46,276.9,276.96,2026-09-30 09:30:00-04:00,2026-09-30 15:23:00-04:00,-6.451,1.486,-6.472,6.472,1.486,0.003,0.0,0.0,283.2815,277.5949,277.7458,Trend Down,291.25,1.652,-4.906,-2.971
2026-09-30,COHR,390,294.66,299.5,282.25,287.81,2026-09-30 09:30:00-04:00,2026-09-30 10:40:00-04:00,-2.325,1.643,-4.212,4.212,1.643,0.322,0.008,0.285,286.1646,287.608,287.6531,Reversal/Mixed,292.21,0.838,-1.506,-1.796
2026-09-30,COIN,390,195.484,198.659,184.29,186.34,2026-09-30 09:31:00-04:00,2026-09-30 10:33:00-04:00,-4.678,1.624,-5.726,5.726,1.624,0.143,0.005,0.005,188.6792,186.8379,187.0071,Trend Down,190.02,2.875,-1.937,-0.674
2026-09-30,CRWD,390,263.5,268.95,261.582,264.73,2026-09-30 11:20:00-04:00,2026-09-30 09:30:00-04:00,0.467,2.068,-0.728,0.728,2.068,0.427,0.992,0.526,265.7379,264.99,265.0469,Range Day,262.74,0.289,0.757,2.618
2026-09-30,DELL,390,546.48,553.48,537.67,538.32,2026-09-30 09:43:00-04:00,2026-09-30 09:49:00-04:00,-1.493,1.281,-1.612,1.612,1.281,0.041,0.015,0.223,543.8766,539.7782,540.9247,Trend Down,539.59,1.277,-0.235,-0.184
2026-09-30,DIA,390,513.99,514.16,508.35,508.49,2026-09-30 09:30:00-04:00,2026-09-30 15:59:00-04:00,-1.07,0.033,-1.097,1.097,0.033,0.024,0.0,0.113,511.2613,509.2105,509.4955,Trend Down,512.88,0.216,-0.856,-3.955
2026-09-30,FLNC,381,7.98,8.0399,7.66,7.695,2026-09-30 09:30:00-04:00,2026-09-30 09:43:00-04:00,-3.571,0.751,-4.01,4.01,0.751,0.092,0.01,0.136,7.799,7.7128,7.7195,Trend Down,7.82,2.046,-1.598,-0.781
2026-09-30,GNRC,322,212.53,214.0,205.77,206.94,2026-09-30 09:30:00-04:00,2026-09-30 12:00:00-04:00,-2.63,0.692,-3.181,3.181,0.692,0.142,0.003,0.161,208.1033,207.7018,207.9792,Trend Down,212.22,0.146,-2.488,-17.032
2026-09-30,GOOGL,390,344.215,352.6,341.0,344.13,2026-09-30 10:09:00-04:00,2026-09-30 15:55:00-04:00,-0.025,2.436,-0.934,0.934,2.436,0.27,0.985,0.656,348.1871,344.427,345.7204,Range Day,340.92,0.966,0.942,0.974
2026-09-30,HOOD,390,122.61,123.49,111.95,112.52,2026-09-30 09:30:00-04:00,2026-09-30 14:35:00-04:00,-8.229,0.718,-8.694,8.694,0.718,0.049,0.0,0.0,114.9235,112.6498,112.652,Trend Down,116.22,5.498,-3.184,-0.579
2026-09-30,INTC,390,116.05,120.55,116.0,120.16,2026-09-30 15:57:00-04:00,2026-09-30 09:30:00-04:00,3.542,3.878,-0.043,0.043,3.878,0.914,1.0,0.818,119.0806,120.2832,120.2325,Trend Up,115.93,0.104,3.649,35.249
2026-09-30,IREN,390,42.1,42.4,40.6,40.86,2026-09-30 09:30:00-04:00,2026-09-30 09:41:00-04:00,-2.945,0.713,-3.563,3.563,0.713,0.144,0.0,0.085,41.1964,40.8896,40.9002,Trend Down,41.38,1.74,-1.257,-0.722
2026-09-30,IWM,390,280.17,280.475,277.88,277.94,2026-09-30 11:16:00-04:00,2026-09-30 15:59:00-04:00,-0.796,0.109,-0.817,0.817,0.109,0.023,0.031,0.162,279.302,278.3876,278.5912,Reversal/Mixed,279.01,0.416,-0.384,-0.922
2026-09-30,LITE,390,983.14,1009.45,940.27,971.46,2026-09-30 09:31:00-04:00,2026-09-30 11:21:00-04:00,-1.188,2.676,-4.361,4.361,2.676,0.451,0.008,0.346,962.3846,972.1016,970.9634,Reversal/Mixed,973.49,0.991,-0.209,-0.21
2026-09-30,MDB,390,341.36,370.4295,340.23,348.36,2026-09-30 09:38:00-04:00,2026-09-30 09:30:00-04:00,2.051,8.516,-0.331,0.331,8.516,0.269,1.0,0.233,356.2073,349.1002,349.7193,Reversal/Mixed,337.19,1.237,3.313,2.679
2026-09-30,META,390,729.0,738.25,721.3,725.29,2026-09-30 12:10:00-04:00,2026-09-30 09:36:00-04:00,-0.509,1.269,-1.056,1.056,1.269,0.235,0.841,0.862,730.5803,727.493,729.2129,Range Day,738.79,-1.325,-1.827,1.379
2026-09-30,MRVL,390,264.5,265.0,256.24,264.21,2026-09-30 09:31:00-04:00,2026-09-30 10:40:00-04:00,-0.11,0.189,-3.123,3.123,0.189,0.91,0.01,0.585,260.9099,264.3939,264.2212,Range Day,263.27,0.467,0.357,0.764
2026-09-30,MSFT,390,510.8,519.8297,510.33,512.96,2026-09-30 10:04:00-04:00,2026-09-30 09:30:00-04:00,0.423,1.768,-0.092,0.092,1.768,0.277,1.0,0.9,516.3521,513.8238,514.7614,Range Day,508.96,0.362,0.786,2.174
2026-09-30,MU,390,1076.33,1083.5,1062.36,1067.49,2026-09-30 09:31:00-04:00,2026-09-30 15:55:00-04:00,-0.821,0.666,-1.298,1.298,0.666,0.243,0.036,0.267,1071.0249,1066.5304,1067.4151,Reversal/Mixed,1065.08,1.056,0.226,0.214
2026-09-30,NBIS,390,243.96,250.48,235.06,236.0,2026-09-30 09:31:00-04:00,2026-09-30 15:54:00-04:00,-3.263,2.673,-3.648,3.648,2.673,0.061,0.023,0.013,240.6671,236.1774,236.264,Trend Down,237.355,2.783,-0.571,-0.205
2026-09-30,NOW,390,129.75,135.08,128.85,134.01,2026-09-30 11:30:00-04:00,2026-09-30 09:30:00-04:00,3.283,4.108,-0.694,0.694,4.108,0.828,0.997,1.0,133.5607,134.2523,134.2578,Trend Up,129.94,-0.146,3.132,-21.421
2026-09-30,NVDA,390,229.0,232.37,228.19,228.29,2026-09-30 10:01:00-04:00,2026-09-30 15:59:00-04:00,-0.31,1.472,-0.354,0.354,1.472,0.024,0.997,0.503,230.39,229.4526,229.8816,Range Day,227.21,0.788,0.475,0.603
2026-09-30,PANW,389,391.67,404.6879,388.89,397.4,2026-09-30 11:13:00-04:00,2026-09-30 09:31:00-04:00,1.463,3.324,-0.71,0.71,3.324,0.539,0.992,0.704,399.3678,397.7414,397.6961,Reversal/Mixed,388.41,0.839,2.315,2.758
2026-09-30,PLTR,390,187.93,190.99,187.0,187.04,2026-09-30 11:29:00-04:00,2026-09-30 09:30:00-04:00,-0.474,1.628,-0.495,0.495,1.628,0.01,0.882,0.477,188.9362,187.3794,187.4514,Range Day,186.97,0.513,0.037,0.073
2026-09-30,QQQ,390,740.19,745.08,739.49,739.7,2026-09-30 11:50:00-04:00,2026-09-30 15:59:00-04:00,-0.066,0.661,-0.095,0.095,0.661,0.038,0.997,0.874,742.5511,741.0031,741.8055,Range Day,737.93,0.306,0.24,0.783
2026-09-30,SNOW,390,331.0,348.28,330.55,339.78,2026-09-30 11:30:00-04:00,2026-09-30 09:30:00-04:00,2.653,5.221,-0.136,0.136,5.221,0.521,0.997,0.644,343.4054,340.6605,341.0692,Reversal/Mixed,330.31,0.209,2.867,13.725
2026-09-30,SPXL,351,285.435,288.72,280.69,280.97,2026-09-30 10:54:00-04:00,2026-09-30 15:59:00-04:00,-1.564,1.151,-1.662,1.662,1.151,0.035,0.835,0.604,285.8157,282.6291,283.4083,Trend Down,283.2,0.789,-0.787,-0.998
2026-09-30,SPY,390,766.45,769.41,762.2,762.44,2026-09-30 10:54:00-04:00,2026-09-30 15:59:00-04:00,-0.523,0.386,-0.555,0.555,0.386,0.033,0.846,0.544,765.8633,763.8753,764.5809,Range Day,764.2,0.294,-0.23,-0.782
2026-09-30,TSLA,390,351.791,355.219,345.88,354.89,2026-09-30 15:57:00-04:00,2026-09-30 09:46:00-04:00,0.881,0.974,-1.68,1.68,0.974,0.965,0.377,0.805,350.418,354.086,353.4055,Reversal/Mixed,352.84,-0.297,0.581,-1.954
2026-10-01,AAPL,390,330.17,332.4816,325.81,330.48,2026-10-01 09:38:00-04:00,2026-10-01 11:52:00-04:00,0.094,0.7,-1.321,1.321,0.7,0.7,0.177,0.428,329.3099,330.2869,330.0786,Range Day,333.02,-0.856,-0.763,0.891
2026-10-01,AMD,390,611.005,619.28,601.5,615.64,2026-10-01 13:47:00-04:00,2026-10-01 10:23:00-04:00,0.759,1.354,-1.556,1.556,1.354,0.795,0.597,0.746,612.0124,616.7344,616.718,Reversal/Mixed,611.76,-0.123,0.634,-5.139
2026-10-01,AMZN,390,251.5,251.83,246.1167,248.32,2026-10-01 09:30:00-04:00,2026-10-01 11:11:00-04:00,-1.264,0.131,-2.14,2.14,0.131,0.386,0.0,0.377,248.4369,248.1745,248.3005,Reversal/Mixed,249.15,0.943,-0.333,-0.353
2026-10-01,ARM,390,293.62,297.12,287.5001,292.34,2026-10-01 13:32:00-04:00,2026-10-01 10:05:00-04:00,-0.436,1.192,-2.084,2.084,1.192,0.503,0.133,0.569,292.2445,293.0957,293.2578,Range Day,289.66,1.367,0.925,0.677
2026-10-01,AVGO,390,351.94,354.45,343.29,343.7,2026-10-01 09:32:00-04:00,2026-10-01 15:59:00-04:00,-2.341,0.713,-2.458,2.458,0.713,0.037,0.036,0.1,347.8312,344.2874,344.9463,Trend Down,351.19,0.214,-2.133,-9.987
2026-10-01,BE,390,284.62,287.15,272.3779,277.56,2026-10-01 09:33:00-04:00,2026-10-01 14:19:00-04:00,-2.48,0.889,-4.301,4.301,0.889,0.351,0.003,0.038,277.5753,277.2144,276.9079,Reversal/Mixed,276.98,2.758,0.209,0.076
2026-10-01,COHR,390,290.0,323.23,286.4166,319.3,2026-10-01 13:34:00-04:00,2026-10-01 09:36:00-04:00,10.103,11.459,-1.236,1.236,11.459,0.893,0.969,0.972,313.1293,318.7539,318.4476,Trend Up,287.81,0.761,10.941,14.379
2026-10-01,COIN,390,186.07,192.3,185.88,189.38,2026-10-01 09:47:00-04:00,2026-10-01 09:30:00-04:00,1.779,3.348,-0.102,0.102,3.348,0.545,1.0,0.526,188.8721,189.4257,189.5414,Reversal/Mixed,186.41,-0.182,1.593,-8.735
2026-10-01,CRWD,390,263.23,269.3,259.31,266.165,2026-10-01 09:59:00-04:00,2026-10-01 09:34:00-04:00,1.115,2.306,-1.489,1.489,2.306,0.686,0.972,0.859,265.258,266.3522,266.7244,Reversal/Mixed,264.75,-0.574,0.534,-0.931
2026-10-01,DELL,390,541.0,550.285,520.18,541.7,2026-10-01 13:31:00-04:00,2026-10-01 10:06:00-04:00,0.129,1.716,-3.848,3.848,1.716,0.715,0.221,0.782,536.0872,541.1881,540.5579,Range Day,537.95,0.567,0.697,1.23
2026-10-01,DIA,390,509.37,510.95,504.7,508.57,2026-10-01 09:36:00-04:00,2026-10-01 11:10:00-04:00,-0.157,0.31,-0.917,0.917,0.31,0.619,0.021,0.6,507.5862,508.7879,508.8484,Range Day,508.55,0.161,0.004,0.024
2026-10-01,FLNC,384,7.66,7.85,7.45,7.58,2026-10-01 13:32:00-04:00,2026-10-01 10:23:00-04:00,-1.044,2.48,-2.742,2.742,2.48,0.325,0.451,0.732,7.617,7.5787,7.5912,Reversal/Mixed,7.68,-0.26,-1.302,5.0
2026-10-01,GNRC,334,206.0,209.2,201.95,208.05,2026-10-01 13:31:00-04:00,2026-10-01 10:05:00-04:00,0.995,1.553,-1.966,1.966,1.553,0.841,0.503,0.623,206.2342,207.9942,207.8667,Reversal/Mixed,206.95,-0.459,0.532,-1.158
2026-10-01,GOOGL,390,350.785,353.22,335.5108,338.26,2026-10-01 09:30:00-04:00,2026-10-01 12:54:00-04:00,-3.571,0.694,-4.354,4.354,0.694,0.155,0.003,0.0,341.5682,338.3502,338.5729,Trend Down,344.08,1.949,-1.691,-0.868
2026-10-01,HOOD,390,111.9,113.81,110.66,111.16,2026-10-01 09:48:00-04:00,2026-10-01 12:56:00-04:00,-0.661,1.707,-1.108,1.108,1.707,0.159,0.41,0.169,111.9521,111.2062,111.3853,Reversal/Mixed,112.5,-0.533,-1.191,2.233
2026-10-01,INTC,390,118.46,122.15,117.36,119.96,2026-10-01 13:30:00-04:00,2026-10-01 09:36:00-04:00,1.266,3.115,-0.929,0.929,3.115,0.543,0.941,0.897,119.7969,120.2248,120.2971,Reversal/Mixed,120.23,-1.472,-0.225,0.153
2026-10-01,IREN,390,40.75,40.975,39.33,40.67,2026-10-01 09:31:00-04:00,2026-10-01 10:23:00-04:00,-0.196,0.552,-3.485,3.485,0.552,0.815,0.01,0.428,40.1407,40.3993,40.2595,Range Day,40.88,-0.318,-0.514,1.615
2026-10-01,IWM,390,277.36,280.61,275.45,279.04,2026-10-01 13:30:00-04:00,2026-10-01 10:05:00-04:00,0.606,1.172,-0.689,0.689,1.172,0.696,0.649,0.708,277.9858,279.0462,279.0836,Reversal/Mixed,277.89,-0.191,0.414,-2.17
2026-10-01,LITE,390,978.425,1078.04,966.0001,1045.61,2026-10-01 11:27:00-04:00,2026-10-01 09:36:00-04:00,6.867,10.181,-1.27,1.27,10.181,0.711,0.987,0.941,1040.0279,1044.489,1044.3324,Trend Up,971.26,0.738,7.655,10.377
2026-10-01,MDB,390,349.59,355.65,342.0,351.73,2026-10-01 10:37:00-04:00,2026-10-01 09:33:00-04:00,0.612,1.733,-2.171,2.171,1.733,0.713,0.964,0.844,351.9356,351.7496,352.1274,Reversal/Mixed,348.61,0.281,0.895,3.184
2026-10-01,META,390,728.525,735.88,721.51,726.09,2026-10-01 09:43:00-04:00,2026-10-01 10:06:00-04:00,-0.334,1.01,-0.963,0.963,1.01,0.319,0.272,0.408,727.8195,725.9855,726.6126,Range Day,725.18,0.461,0.125,0.272
2026-10-01,MRVL,390,265.46,270.2799,257.58,268.01,2026-10-01 13:30:00-04:00,2026-10-01 09:35:00-04:00,0.961,1.816,-2.968,2.968,1.816,0.821,0.641,0.864,265.0817,268.0905,267.9261,Reversal/Mixed,264.21,0.473,1.438,3.04
2026-10-01,MSFT,390,519.88,522.85,512.17,513.105,2026-10-01 09:37:00-04:00,2026-10-01 12:56:00-04:00,-1.303,0.571,-1.483,1.483,0.571,0.088,0.013,0.013,516.3061,513.481,514.2277,Trend Down,512.9,1.361,0.04,0.029
2026-10-01,MU,390,1054.34,1098.9,1022.9,1097.675,2026-10-01 15:59:00-04:00,2026-10-01 10:23:00-04:00,4.11,4.226,-2.982,2.982,4.226,0.984,0.538,0.664,1062.9392,1095.4277,1093.37,Trend Up,1065.11,-1.011,3.057,-3.024
2026-10-01,NBIS,390,236.07,239.63,228.4701,232.28,2026-10-01 13:32:00-04:00,2026-10-01 10:05:00-04:00,-1.605,1.508,-3.219,3.219,1.508,0.341,0.087,0.467,232.931,232.3771,232.4968,Reversal/Mixed,235.88,0.081,-1.526,-18.947
2026-10-01,NOW,390,139.05,140.8,134.765,137.79,2026-10-01 09:30:00-04:00,2026-10-01 10:56:00-04:00,-0.906,1.259,-3.082,3.082,1.259,0.501,0.062,0.31,137.7642,137.9773,138.1922,Reversal/Mixed,134.01,3.761,2.821,0.75
2026-10-01,NVDA,390,229.95,232.285,228.16,230.96,2026-10-01 14:54:00-04:00,2026-10-01 11:11:00-04:00,0.439,1.015,-0.778,0.778,1.015,0.679,0.787,0.764,230.5027,231.2237,231.4105,Range Day,228.38,0.687,1.13,1.643
2026-10-01,PANW,390,393.11,398.5,387.02,396.25,2026-10-01 09:59:00-04:00,2026-10-01 09:34:00-04:00,0.799,1.371,-1.549,1.549,1.371,0.804,0.356,0.372,393.3577,396.6493,396.5316,Reversal/Mixed,397.31,-1.057,-0.267,0.252
2026-10-01,PLTR,390,190.18,191.8,186.6,190.0,2026-10-01 10:09:00-04:00,2026-10-01 09:35:00-04:00,-0.095,0.852,-1.882,1.882,0.852,0.654,0.251,0.51,189.6317,190.4793,190.7064,Range Day,187.05,1.673,1.577,0.942
2026-10-01,QQQ,390,742.51,744.67,736.27,742.04,2026-10-01 13:47:00-04:00,2026-10-01 11:11:00-04:00,-0.063,0.291,-0.84,0.84,0.291,0.687,0.308,0.451,740.7718,742.5184,742.796,Range Day,739.77,0.37,0.307,0.828
2026-10-01,SNOW,389,341.57,344.42,336.3141,341.895,2026-10-01 10:26:00-04:00,2026-10-01 09:34:00-04:00,0.095,0.834,-1.539,1.539,0.834,0.688,0.198,0.375,340.5575,341.1369,341.1688,Range Day,339.56,0.592,0.688,1.162
2026-10-01,SPXL,375,283.06,284.44,276.92,282.725,2026-10-01 15:51:00-04:00,2026-10-01 11:11:00-04:00,-0.118,0.488,-2.169,2.169,0.488,0.772,0.197,0.491,281.0145,282.9746,283.1859,Range Day,281.1,0.697,0.578,0.829
2026-10-01,SPY,390,764.36,765.65,758.7901,764.02,2026-10-01 15:51:00-04:00,2026-10-01 11:11:00-04:00,-0.044,0.169,-0.729,0.729,0.169,0.762,0.233,0.533,762.6241,764.2884,764.4949,Range Day,762.63,0.227,0.182,0.803
2026-10-01,TSLA,390,356.81,359.79,353.8,354.12,2026-10-01 11:05:00-04:00,2026-10-01 10:02:00-04:00,-0.754,0.835,-0.844,0.844,0.835,0.053,0.515,0.505,356.7238,355.2364,356.0838,Reversal/Mixed,354.81,0.564,-0.194,-0.345
2026-10-02,AAPL,390,333.205,334.54,330.61,333.79,2026-10-02 10:21:00-04:00,2026-10-02 09:42:00-04:00,0.176,0.401,-0.779,0.779,0.401,0.809,0.559,0.777,332.914,333.4334,333.4802,Range Day,330.32,0.873,1.05,1.203
2026-10-02,AMD,390,636.45,645.4599,628.55,633.75,2026-10-02 10:28:00-04:00,2026-10-02 13:26:00-04:00,-0.424,1.416,-1.241,1.241,1.416,0.308,0.221,0.228,635.8607,634.2278,634.3005,Range Day,615.73,3.365,2.927,0.87
2026-10-02,AMZN,390,251.28,253.5577,250.0201,251.53,2026-10-02 09:32:00-04:00,2026-10-02 11:54:00-04:00,0.099,0.906,-0.501,0.501,0.906,0.427,0.31,0.118,251.4991,251.3904,251.2714,Range Day,248.23,1.229,1.329,1.082
2026-10-02,ARM,389,306.775,318.3623,303.12,307.46,2026-10-02 10:48:00-04:00,2026-10-02 09:39:00-04:00,0.223,3.777,-1.191,1.191,3.777,0.285,0.923,0.494,311.1979,307.9958,308.4996,Range Day,292.34,4.938,5.172,1.047
2026-10-02,AVGO,390,349.98,357.3538,347.4157,355.13,2026-10-02 10:42:00-04:00,2026-10-02 09:32:00-04:00,1.472,2.107,-0.733,0.733,2.107,0.776,0.979,0.841,353.6507,355.326,355.4788,Trend Up,343.64,1.845,3.344,1.812
2026-10-02,BE,390,284.0,297.59,283.1,289.23,2026-10-02 09:43:00-04:00,2026-10-02 09:30:00-04:00,1.842,4.785,-0.317,0.317,4.785,0.423,1.0,0.379,290.6006,290.1281,290.5853,Reversal/Mixed,277.58,2.313,4.197,1.815
2026-10-02,COHR,390,316.565,338.36,315.43,337.14,2026-10-02 15:38:00-04:00,2026-10-02 09:30:00-04:00,6.499,6.885,-0.359,0.359,6.885,0.947,1.0,0.997,331.9537,337.1244,337.2479,Trend Up,319.19,-0.822,5.624,-6.838
2026-10-02,COIN,390,194.402,200.3514,180.81,183.0,2026-10-02 09:39:00-04:00,2026-10-02 14:40:00-04:00,-5.865,3.06,-6.992,6.992,3.06,0.112,0.049,0.046,187.2611,182.9857,182.8629,Trend Down,189.29,2.701,-3.323,-1.23
2026-10-02,CRWD,390,269.65,273.5351,267.6722,270.07,2026-10-02 09:35:00-04:00,2026-10-02 09:50:00-04:00,0.156,1.441,-0.733,0.733,1.441,0.409,0.338,0.192,269.8822,269.6265,269.4248,Range Day,266.09,1.338,1.496,1.118
2026-10-02,DELL,390,554.25,567.9999,548.01,562.22,2026-10-02 12:22:00-04:00,2026-10-02 09:31:00-04:00,1.438,2.481,-1.126,1.126,2.481,0.711,0.985,0.967,561.3958,563.2005,563.7429,Trend Up,541.74,2.309,3.78,1.637
2026-10-02,DIA,390,512.54,513.0601,508.69,511.07,2026-10-02 09:46:00-04:00,2026-10-02 11:25:00-04:00,-0.287,0.101,-0.751,0.751,0.101,0.545,0.008,0.074,511.0774,511.0739,511.0346,Range Day,508.62,0.771,0.482,0.625
2026-10-02,FLNC,384,7.75,7.89,7.445,7.605,2026-10-02 09:31:00-04:00,2026-10-02 11:55:00-04:00,-1.871,1.806,-3.935,3.935,1.806,0.36,0.005,0.018,7.6002,7.5901,7.5842,Reversal/Mixed,7.57,2.378,0.462,0.194
2026-10-02,GNRC,355,211.75,218.5925,211.0159,216.98,2026-10-02 15:42:00-04:00,2026-10-02 09:34:00-04:00,2.47,3.231,-0.347,0.347,3.231,0.787,1.0,0.91,215.6844,217.3393,217.4786,Trend Up,207.91,1.847,4.362,2.362
2026-10-02,GOOGL,390,341.315,345.77,341.16,343.59,2026-10-02 10:47:00-04:00,2026-10-02 09:30:00-04:00,0.667,1.305,-0.045,0.045,1.305,0.527,1.0,0.421,343.5886,343.3729,343.2422,Reversal/Mixed,338.24,0.909,1.582,1.74
2026-10-02,HOOD,390,113.57,119.37,112.44,112.74,2026-10-02 09:36:00-04:00,2026-10-02 15:44:00-04:00,-0.731,5.107,-0.995,0.995,5.107,0.043,0.569,0.105,115.0969,112.7307,112.7095,Reversal/Mixed,111.15,2.177,1.43,0.657
2026-10-02,INTC,390,124.17,126.0,118.96,119.33,2026-10-02 10:03:00-04:00,2026-10-02 15:56:00-04:00,-3.898,1.474,-4.196,4.196,1.474,0.053,0.149,0.146,122.3195,119.4216,119.5652,Trend Down,120.0,3.475,-0.558,-0.161
2026-10-02,IREN,390,41.86,43.91,40.95,41.785,2026-10-02 10:10:00-04:00,2026-10-02 13:27:00-04:00,-0.179,4.897,-2.174,2.174,4.897,0.282,0.374,0.213,42.2888,41.7082,41.6428,Range Day,40.65,2.977,2.792,0.938
2026-10-02,IWM,390,282.33,283.565,280.89,281.47,2026-10-02 10:48:00-04:00,2026-10-02 11:25:00-04:00,-0.305,0.437,-0.51,0.51,0.437,0.217,0.208,0.215,281.9783,281.4077,281.4495,Range Day,279.02,1.186,0.878,0.74
2026-10-02,LITE,390,1051.1899,1091.61,1037.2444,1085.42,2026-10-02 12:00:00-04:00,2026-10-02 09:55:00-04:00,3.256,3.845,-1.327,1.327,3.845,0.886,0.936,0.956,1071.8559,1085.0209,1085.7187,Trend Up,1045.78,0.517,3.79,7.327
2026-10-02,MDB,390,354.6,360.83,336.5,357.9,2026-10-02 15:39:00-04:00,2026-10-02 09:45:00-04:00,0.931,1.757,-5.104,5.104,1.757,0.88,0.836,0.933,352.3993,358.3159,358.6302,Reversal/Mixed,351.73,0.816,1.754,2.15
2026-10-02,META,390,733.205,741.58,726.2,728.07,2026-10-02 09:32:00-04:00,2026-10-02 15:34:00-04:00,-0.7,1.142,-0.955,0.955,1.142,0.122,0.1,0.046,731.196,727.7354,727.5271,Reversal/Mixed,725.93,1.002,0.295,0.294
2026-10-02,MRVL,390,278.18,280.0,271.587,272.4,2026-10-02 09:30:00-04:00,2026-10-02 14:02:00-04:00,-2.078,0.654,-2.37,2.37,0.654,0.097,0.021,0.026,275.4458,272.7859,273.2182,Trend Down,268.08,3.768,1.611,0.428
2026-10-02,MSFT,390,519.095,522.5,513.66,517.86,2026-10-02 09:34:00-04:00,2026-10-02 11:57:00-04:00,-0.238,0.656,-1.047,1.047,0.656,0.475,0.015,0.031,516.288,517.0645,516.4771,Range Day,512.8,1.228,0.987,0.804
2026-10-02,MU,390,1107.45,1107.865,1072.02,1074.27,2026-10-02 09:30:00-04:00,2026-10-02 14:40:00-04:00,-2.996,0.037,-3.199,3.199,0.037,0.063,0.0,0.036,1085.1516,1074.5336,1074.4339,Trend Down,1097.39,0.917,-2.107,-2.298
2026-10-02,NBIS,390,235.81,248.34,235.3417,242.81,2026-10-02 10:49:00-04:00,2026-10-02 09:30:00-04:00,2.968,5.314,-0.199,0.199,5.314,0.575,1.0,0.515,243.1603,242.8273,242.7808,Reversal/Mixed,232.28,1.52,4.533,2.983
2026-10-02,NOW,390,139.415,139.5675,133.47,134.37,2026-10-02 09:30:00-04:00,2026-10-02 15:52:00-04:00,-3.619,0.109,-4.264,4.264,0.109,0.148,0.0,0.0,135.479,134.0932,134.102,Trend Down,137.76,1.201,-2.461,-2.048
2026-10-02,NVDA,390,236.055,237.87,233.6,233.99,2026-10-02 10:01:00-04:00,2026-10-02 15:28:00-04:00,-0.875,0.769,-1.04,1.04,0.769,0.091,0.285,0.264,235.7524,234.1021,234.1829,Reversal/Mixed,230.86,2.25,1.356,0.603
2026-10-02,PANW,390,403.44,409.5,400.0,403.31,2026-10-02 09:35:00-04:00,2026-10-02 09:30:00-04:00,-0.032,1.502,-0.853,0.853,1.502,0.348,0.3,0.223,403.3846,402.7902,402.724,Range Day,396.25,1.815,1.782,0.982
2026-10-02,PLTR,390,193.24,194.78,188.2612,188.79,2026-10-02 09:34:00-04:00,2026-10-02 15:52:00-04:00,-2.303,0.797,-2.576,2.576,0.797,0.081,0.09,0.131,191.1687,188.6984,188.8212,Trend Down,190.04,1.684,-0.658,-0.391
2026-10-02,QQQ,390,751.31,754.53,747.535,749.53,2026-10-02 10:27:00-04:00,2026-10-02 11:25:00-04:00,-0.237,0.429,-0.502,0.502,0.429,0.285,0.2,0.215,750.5515,749.3848,749.4226,Range Day,742.03,1.251,1.011,0.808
2026-10-02,SNOW,380,344.0,347.2,333.2,341.02,2026-10-02 09:31:00-04:00,2026-10-02 09:51:00-04:00,-0.866,0.93,-3.14,3.14,0.93,0.559,0.005,0.626,340.0018,340.6269,340.3184,Reversal/Mixed,341.99,0.588,-0.284,-0.483
2026-10-02,SPXL,349,289.71,291.98,285.9,288.64,2026-10-02 10:42:00-04:00,2026-10-02 11:25:00-04:00,-0.369,0.784,-1.315,1.315,0.784,0.451,0.226,0.226,289.1988,288.6198,288.627,Range Day,282.7,2.48,2.101,0.847
2026-10-02,SPY,390,770.58,772.65,767.145,769.67,2026-10-02 10:42:00-04:00,2026-10-02 11:25:00-04:00,-0.118,0.269,-0.446,0.446,0.269,0.459,0.208,0.195,769.9154,769.6194,769.6303,Range Day,763.99,0.863,0.743,0.862
2026-10-02,TSLA,390,360.08,374.6,359.411,370.7,2026-10-02 15:45:00-04:00,2026-10-02 09:30:00-04:00,2.949,4.032,-0.186,0.186,4.032,0.743,1.0,0.985,370.8542,371.2987,372.1281,Trend Up,354.11,1.686,4.685,2.779
2026-10-05,AAPL,390,332.795,336.19,331.65,333.13,2026-10-05 09:34:00-04:00,2026-10-05 09:30:00-04:00,0.101,1.02,-0.344,0.344,1.02,0.326,0.933,0.313,333.6343,332.9244,333.0034,Range Day,330.32,0.749,0.851,1.135
2026-10-05,AMD,390,630.34,633.5,620.0,631.91,2026-10-05 09:45:00-04:00,2026-10-05 09:31:00-04:00,0.249,0.501,-1.64,1.64,0.501,0.882,0.721,0.99,629.6592,631.4548,631.6292,Range Day,615.73,2.373,2.628,1.107
2026-10-05,AMZN,390,250.18,254.5262,250.18,251.51,2026-10-05 13:45:00-04:00,2026-10-05 09:30:00-04:00,0.532,1.737,0.0,0.0,1.737,0.306,1.0,0.872,252.364,251.7442,252.2688,Range Day,248.23,0.786,1.321,1.682
2026-10-05,ARM,383,307.39,311.0,299.8,303.04,2026-10-05 09:30:00-04:00,2026-10-05 13:00:00-04:00,-1.415,1.174,-2.469,2.469,1.174,0.289,0.01,0.0,303.0471,302.5948,302.4249,Trend Down,292.34,5.148,3.66,0.711
2026-10-05,AVGO,390,357.79,363.865,356.14,362.875,2026-10-05 13:45:00-04:00,2026-10-05 09:38:00-04:00,1.421,1.698,-0.461,0.461,1.698,0.872,0.938,0.956,361.2544,362.5762,362.5581,Trend Up,343.64,4.118,5.597,1.359
2026-10-05,BE,390,289.99,291.96,282.34,286.68,2026-10-05 10:59:00-04:00,2026-10-05 09:46:00-04:00,-1.141,0.679,-2.638,2.638,0.679,0.451,0.072,0.508,287.8671,287.4756,287.8487,Reversal/Mixed,277.58,4.471,3.278,0.733
2026-10-05,COHR,390,340.925,341.76,326.46,333.73,2026-10-05 09:30:00-04:00,2026-10-05 09:53:00-04:00,-2.11,0.245,-4.243,4.243,0.245,0.475,0.0,0.585,332.5767,333.1821,333.099,Reversal/Mixed,319.19,6.809,4.555,0.669
2026-10-05,COIN,390,187.29,191.78,184.12,188.19,2026-10-05 10:12:00-04:00,2026-10-05 12:31:00-04:00,0.481,2.397,-1.693,1.693,2.397,0.531,0.474,0.315,187.6657,188.2645,188.3451,Range Day,189.29,-1.057,-0.581,0.55
2026-10-05,CRWD,390,271.13,274.23,268.33,272.76,2026-10-05 13:58:00-04:00,2026-10-05 09:31:00-04:00,0.601,1.143,-1.033,1.033,1.143,0.751,0.908,0.944,271.8606,272.5004,272.445,Reversal/Mixed,266.09,1.894,2.507,1.323
2026-10-05,DELL,390,557.01,560.555,546.0,552.22,2026-10-05 09:30:00-04:00,2026-10-05 09:36:00-04:00,-0.86,0.636,-1.977,1.977,0.636,0.427,0.051,0.336,553.4873,551.5569,551.6093,Reversal/Mixed,541.74,2.819,1.935,0.686
2026-10-05,DIA,390,510.37,513.28,507.84,512.1,2026-10-05 15:19:00-04:00,2026-10-05 09:55:00-04:00,0.339,0.57,-0.496,0.496,0.57,0.783,0.71,0.915,511.3445,511.9586,512.1371,Range Day,508.62,0.344,0.684,1.989
2026-10-05,FLNC,379,7.61,7.66,7.35,7.655,2026-10-05 15:58:00-04:00,2026-10-05 09:46:00-04:00,0.591,0.657,-3.417,3.417,0.657,0.984,0.016,0.675,7.5419,7.6305,7.6152,Range Day,7.57,0.528,1.123,2.125
2026-10-05,GNRC,324,215.46,216.36,211.2875,215.32,2026-10-05 14:01:00-04:00,2026-10-05 09:53:00-04:00,-0.065,0.418,-1.937,1.937,0.418,0.795,0.296,0.864,214.7633,215.5919,215.6849,Range Day,207.91,3.631,3.564,0.981
2026-10-05,GOOGL,390,342.695,348.09,342.41,346.62,2026-10-05 15:21:00-04:00,2026-10-05 09:30:00-04:00,1.145,1.574,-0.083,0.083,1.574,0.741,0.997,0.946,345.6705,346.3579,346.5485,Trend Up,338.24,1.317,2.478,1.881
2026-10-05,HOOD,390,114.68,115.48,112.6,114.14,2026-10-05 10:14:00-04:00,2026-10-05 12:46:00-04:00,-0.471,0.698,-1.814,1.814,0.698,0.535,0.041,0.233,113.7684,114.1904,114.1806,Range Day,111.15,3.176,2.69,0.847
2026-10-05,INTC,390,115.575,118.0583,115.31,116.28,2026-10-05 09:45:00-04:00,2026-10-05 09:30:00-04:00,0.61,2.149,-0.229,0.229,2.149,0.353,0.997,0.772,116.6483,116.1496,116.1599,Reversal/Mixed,120.0,-3.688,-3.1,0.841
2026-10-05,IREN,390,41.995,42.2,39.965,40.4979,2026-10-05 09:30:00-04:00,2026-10-05 10:34:00-04:00,-3.565,0.488,-4.834,4.834,0.488,0.238,0.0,0.167,40.4076,40.4937,40.5004,Trend Down,40.65,3.309,-0.374,-0.113
2026-10-05,IWM,390,281.95,284.24,280.03,283.39,2026-10-05 15:14:00-04:00,2026-10-05 09:55:00-04:00,0.511,0.812,-0.681,0.681,0.812,0.798,0.779,0.918,282.597,283.1846,283.3077,Range Day,279.02,1.05,1.566,1.491
2026-10-05,LITE,390,1092.29,1124.4,1072.0446,1092.6,2026-10-05 09:34:00-04:00,2026-10-05 09:53:00-04:00,0.028,2.94,-1.853,1.853,2.94,0.393,0.277,0.3,1091.6565,1092.9532,1092.5114,Range Day,1045.78,4.447,4.477,1.007
2026-10-05,MDB,390,361.73,366.63,351.2005,359.51,2026-10-05 09:47:00-04:00,2026-10-05 10:37:00-04:00,-0.614,1.355,-2.911,2.911,1.355,0.539,0.028,0.61,356.9106,358.8333,358.2591,Reversal/Mixed,351.73,2.843,2.212,0.778
2026-10-05,META,390,727.355,746.7,727.12,742.19,2026-10-05 11:09:00-04:00,2026-10-05 09:30:00-04:00,2.04,2.66,-0.032,0.032,2.66,0.77,1.0,0.99,741.4773,742.0633,742.3805,Trend Up,725.93,0.196,2.24,11.411
2026-10-05,MRVL,390,276.217,279.48,267.8,271.29,2026-10-05 09:30:00-04:00,2026-10-05 09:53:00-04:00,-1.784,1.181,-3.047,3.047,1.181,0.299,0.003,0.159,271.5736,270.7817,270.667,Trend Down,268.08,3.035,1.197,0.394
2026-10-05,MSFT,390,521.815,532.35,521.53,525.49,2026-10-05 09:45:00-04:00,2026-10-05 09:30:00-04:00,0.704,2.019,-0.055,0.055,2.019,0.366,1.0,0.238,526.765,525.5221,526.3841,Reversal/Mixed,512.8,1.758,2.475,1.408
2026-10-05,MU,390,1069.55,1074.88,1055.5601,1063.7501,2026-10-05 09:32:00-04:00,2026-10-05 09:46:00-04:00,-0.542,0.498,-1.308,1.308,0.498,0.424,0.005,0.372,1064.099,1062.878,1062.7225,Range Day,1097.39,-2.537,-3.065,1.208
2026-10-05,NBIS,390,244.0,244.19,230.51,232.68,2026-10-05 09:30:00-04:00,2026-10-05 14:39:00-04:00,-4.639,0.078,-5.529,5.529,0.078,0.159,0.0,0.0,234.8319,233.0373,233.3569,Trend Down,232.28,5.046,0.172,0.034
2026-10-05,NOW,390,135.22,137.9,134.15,136.12,2026-10-05 09:49:00-04:00,2026-10-05 09:30:00-04:00,0.666,1.982,-0.791,0.791,1.982,0.525,0.954,0.195,136.0291,136.0122,135.9651,Reversal/Mixed,137.76,-1.844,-1.19,0.646
2026-10-05,NVDA,390,236.07,240.0983,235.15,239.11,2026-10-05 15:38:00-04:00,2026-10-05 09:30:00-04:00,1.288,1.706,-0.39,0.39,1.706,0.8,0.99,0.769,237.7727,239.0855,239.3116,Trend Up,230.86,2.257,3.574,1.583
2026-10-05,PANW,389,403.915,407.9199,399.17,406.83,2026-10-05 15:01:00-04:00,2026-10-05 09:31:00-04:00,0.722,0.992,-1.175,1.175,0.992,0.875,0.889,0.856,405.289,406.4637,406.4156,Reversal/Mixed,396.25,1.934,2.67,1.38
2026-10-05,PLTR,390,189.15,192.6899,187.63,189.43,2026-10-05 09:45:00-04:00,2026-10-05 12:17:00-04:00,0.148,1.871,-0.804,0.804,1.871,0.356,0.408,0.197,189.3703,189.4177,189.4652,Range Day,190.04,-0.468,-0.321,0.685
2026-10-05,QQQ,390,749.34,756.915,749.08,756.15,2026-10-05 15:19:00-04:00,2026-10-05 09:30:00-04:00,0.909,1.011,-0.035,0.035,1.011,0.902,1.0,0.997,753.8483,755.6803,755.838,Reversal/Mixed,742.03,0.985,1.903,1.932
2026-10-05,SNOW,387,342.0,343.0,337.87,338.93,2026-10-05 09:30:00-04:00,2026-10-05 10:06:00-04:00,-0.898,0.292,-1.208,1.208,0.292,0.207,0.008,0.307,340.1752,339.1524,339.4822,Reversal/Mixed,341.99,0.003,-0.895,
2026-10-05,SPXL,373,288.59,296.4,288.59,294.61,2026-10-05 15:19:00-04:00,2026-10-05 09:30:00-04:00,2.086,2.706,0.0,0.0,2.706,0.771,1.0,0.997,292.6586,294.2005,294.4974,Trend Up,282.7,2.083,4.213,2.022
2026-10-05,SPY,390,769.69,776.605,769.63,774.94,2026-10-05 15:19:00-04:00,2026-10-05 09:30:00-04:00,0.682,0.898,-0.008,0.008,0.898,0.761,1.0,0.995,773.8015,774.5834,774.8642,Reversal/Mixed,763.99,0.746,1.433,1.921
2026-10-05,TSLA,390,368.8,381.59,364.91,378.885,2026-10-05 15:05:00-04:00,2026-10-05 09:33:00-04:00,2.735,3.468,-1.055,1.055,3.468,0.838,0.985,0.987,376.2491,378.9693,379.2819,Trend Up,354.11,4.148,6.996,1.687
2026-10-06,AAPL,390,332.305,334.38,330.62,333.66,2026-10-06 10:18:00-04:00,2026-10-06 09:56:00-04:00,0.408,0.624,-0.507,0.507,0.624,0.809,0.897,0.426,333.1302,333.6907,333.7595,Range Day,332.89,-0.176,0.231,-1.316
2026-10-06,AMD,390,648.04,658.52,628.0,649.55,2026-10-06 11:11:00-04:00,2026-10-06 09:36:00-04:00,0.233,1.617,-3.092,3.092,1.617,0.706,0.838,0.946,648.9654,649.5737,650.2604,Range Day,631.75,2.579,2.818,1.093
2026-10-06,AMZN,390,253.4,256.675,251.08,256.33,2026-10-06 15:32:00-04:00,2026-10-06 09:32:00-04:00,1.156,1.292,-0.916,0.916,1.292,0.938,0.885,0.969,254.4455,256.3559,256.378,Trend Up,251.4,0.796,1.961,2.465
2026-10-06,ARM,389,307.0,308.495,301.07,302.69,2026-10-06 09:40:00-04:00,2026-10-06 15:53:00-04:00,-1.404,0.487,-1.932,1.932,0.487,0.218,0.023,0.206,304.4547,302.1308,302.3832,Trend Down,302.9,1.354,-0.069,-0.051
2026-10-06,AVGO,390,366.85,380.84,364.01,375.91,2026-10-06 13:50:00-04:00,2026-10-06 09:34:00-04:00,2.47,3.814,-0.774,0.774,3.814,0.707,0.977,0.967,376.2713,376.1102,376.6253,Trend Up,362.51,1.197,3.696,3.088
2026-10-06,BE,390,295.18,300.8,285.64,295.86,2026-10-06 14:03:00-04:00,2026-10-06 09:35:00-04:00,0.23,1.904,-3.232,3.232,1.904,0.674,0.728,0.879,296.1994,297.1838,297.8643,Range Day,286.65,2.976,3.213,1.08
2026-10-06,COHR,390,336.21,341.3,331.3901,338.35,2026-10-06 09:56:00-04:00,2026-10-06 12:12:00-04:00,0.637,1.514,-1.434,1.434,1.514,0.702,0.323,0.279,336.5611,337.4101,336.7172,Reversal/Mixed,333.64,0.77,1.412,1.833
2026-10-06,COIN,390,188.26,192.8,184.825,185.84,2026-10-06 11:02:00-04:00,2026-10-06 15:41:00-04:00,-1.285,2.412,-1.825,1.825,2.412,0.127,0.464,0.295,188.7186,185.6109,185.4563,Trend Down,188.22,0.021,-1.264,
2026-10-06,CRWD,390,278.11,286.9899,276.0,278.93,2026-10-06 09:57:00-04:00,2026-10-06 09:30:00-04:00,0.295,3.193,-0.759,0.759,3.193,0.267,0.962,0.108,280.1277,278.9729,278.9398,Range Day,272.67,1.995,2.296,1.151
2026-10-06,DELL,390,564.29,587.19,560.96,573.83,2026-10-06 10:00:00-04:00,2026-10-06 09:30:00-04:00,1.691,4.058,-0.59,0.59,4.058,0.491,0.997,0.515,575.146,573.5111,574.0672,Reversal/Mixed,552.29,2.173,3.9,1.795
2026-10-06,DIA,390,514.31,515.99,513.49,514.54,2026-10-06 11:29:00-04:00,2026-10-06 09:38:00-04:00,0.045,0.327,-0.159,0.159,0.327,0.42,0.903,0.497,514.7199,514.5612,514.5918,Range Day,512.11,0.43,0.475,1.105
2026-10-06,FLNC,386,7.76,8.16,7.72,8.05,2026-10-06 10:09:00-04:00,2026-10-06 09:30:00-04:00,3.737,5.155,-0.515,0.515,5.155,0.75,0.995,0.637,7.9926,8.0094,7.9969,Trend Up,7.65,1.438,5.229,3.636
2026-10-06,GNRC,350,216.37,227.15,215.47,223.69,2026-10-06 10:00:00-04:00,2026-10-06 09:30:00-04:00,3.383,4.982,-0.416,0.416,4.982,0.704,1.0,0.76,223.8756,224.2904,224.4518,Trend Up,215.2,0.544,3.945,7.256
2026-10-06,GOOGL,390,347.37,349.09,344.6805,347.7,2026-10-06 11:41:00-04:00,2026-10-06 09:57:00-04:00,0.095,0.495,-0.774,0.774,0.495,0.685,0.674,0.787,347.3741,347.8185,348.009,Range Day,346.47,0.26,0.355,1.367
2026-10-06,HOOD,390,115.01,116.25,111.74,112.01,2026-10-06 09:35:00-04:00,2026-10-06 15:54:00-04:00,-2.608,1.078,-2.843,2.843,1.078,0.06,0.015,0.044,113.3954,111.9734,111.9859,Trend Down,114.11,0.789,-1.84,-2.333
2026-10-06,INTC,390,117.06,118.2,112.1,112.46,2026-10-06 09:31:00-04:00,2026-10-06 15:59:00-04:00,-3.93,0.974,-4.237,4.237,0.974,0.059,0.01,0.041,114.57,112.7352,113.0241,Trend Down,116.19,0.749,-3.21,-4.287
2026-10-06,IREN,390,40.88,42.1777,40.5,41.26,2026-10-06 14:03:00-04:00,2026-10-06 09:38:00-04:00,0.93,3.174,-0.93,0.93,3.174,0.453,0.931,0.608,41.6486,41.4281,41.5379,Reversal/Mixed,40.48,0.988,1.927,1.95
2026-10-06,IWM,390,284.4,284.64,280.76,281.32,2026-10-06 09:33:00-04:00,2026-10-06 15:34:00-04:00,-1.083,0.084,-1.28,1.28,0.084,0.144,0.003,0.11,282.3935,281.1564,281.0554,Trend Down,283.38,0.36,-0.727,-2.02
2026-10-06,LITE,390,1099.8,1137.205,1084.0406,1133.45,2026-10-06 14:02:00-04:00,2026-10-06 09:31:00-04:00,3.06,3.401,-1.433,1.433,3.401,0.929,0.949,0.946,1116.6802,1131.9904,1131.5543,Trend Up,1091.67,0.745,3.827,5.139
2026-10-06,MDB,386,364.465,374.7897,359.5,360.78,2026-10-06 09:38:00-04:00,2026-10-06 15:55:00-04:00,-1.011,2.833,-1.362,1.362,2.833,0.084,0.176,0.031,364.3592,360.6121,360.6325,Trend Down,359.23,1.457,0.431,0.296
2026-10-06,META,390,746.8,747.6,736.69,739.19,2026-10-06 09:30:00-04:00,2026-10-06 09:55:00-04:00,-1.019,0.107,-1.354,1.354,0.107,0.229,0.0,0.595,741.4312,739.8914,740.9425,Trend Down,741.9,0.66,-0.365,-0.553
2026-10-06,MRVL,390,271.255,301.27,267.26,287.19,2026-10-06 09:44:00-04:00,2026-10-06 09:30:00-04:00,5.875,11.065,-1.473,1.473,11.065,0.586,1.0,0.536,288.2974,286.8431,286.7722,Reversal/Mixed,271.25,0.002,5.876,
2026-10-06,MSFT,390,531.68,535.69,528.82,529.49,2026-10-06 10:18:00-04:00,2026-10-06 09:31:00-04:00,-0.412,0.754,-0.538,0.538,0.754,0.098,0.597,0.244,532.546,529.8366,530.3281,Range Day,525.18,1.238,0.821,0.663
2026-10-06,MU,390,1064.48,1074.3101,1045.26,1045.5601,2026-10-06 10:06:00-04:00,2026-10-06 15:59:00-04:00,-1.777,0.923,-1.806,1.806,0.923,0.01,0.492,0.626,1061.4985,1047.3259,1047.9827,Trend Down,1063.96,0.049,-1.729,
2026-10-06,NBIS,390,237.22,255.082,237.0,249.78,2026-10-06 14:03:00-04:00,2026-10-06 09:30:00-04:00,5.295,7.53,-0.093,0.093,7.53,0.707,1.0,0.859,251.0275,249.8312,249.9146,Trend Up,232.57,1.999,7.4,3.701
2026-10-06,NOW,390,138.46,140.6,136.18,137.99,2026-10-06 09:38:00-04:00,2026-10-06 14:47:00-04:00,-0.339,1.546,-1.647,1.647,1.546,0.41,0.167,0.159,137.7019,138.1603,138.1212,Range Day,136.08,1.749,1.404,0.803
2026-10-06,NVDA,390,242.08,243.37,238.93,239.17,2026-10-06 09:31:00-04:00,2026-10-06 15:58:00-04:00,-1.202,0.533,-1.301,1.301,0.533,0.054,0.156,0.177,241.3303,239.2202,239.2817,Trend Down,238.9,1.331,0.113,0.085
2026-10-06,PANW,390,415.0,432.325,412.0,419.95,2026-10-06 09:57:00-04:00,2026-10-06 09:30:00-04:00,1.193,4.175,-0.723,0.723,4.175,0.391,0.997,0.103,421.6072,420.1024,420.0742,Reversal/Mixed,406.76,2.026,3.243,1.601
2026-10-06,PLTR,390,191.0,194.56,190.25,192.08,2026-10-06 09:40:00-04:00,2026-10-06 09:30:00-04:00,0.565,1.864,-0.393,0.393,1.864,0.425,0.997,0.156,192.8759,192.4062,192.627,Range Day,189.4,0.845,1.415,1.675
2026-10-06,QQQ,390,760.54,762.86,759.1,759.61,2026-10-06 11:15:00-04:00,2026-10-06 09:36:00-04:00,-0.122,0.305,-0.189,0.189,0.305,0.136,0.797,0.279,761.3996,759.7179,759.9449,Range Day,756.2,0.574,0.451,0.786
2026-10-06,SNOW,389,339.7,349.0,335.11,335.85,2026-10-06 09:38:00-04:00,2026-10-06 15:59:00-04:00,-1.133,2.738,-1.351,1.351,2.738,0.053,0.519,0.077,338.527,335.7135,335.801,Trend Down,338.99,0.209,-0.926,-4.422
2026-10-06,SPXL,369,298.12,302.05,297.94,299.26,2026-10-06 11:26:00-04:00,2026-10-06 09:30:00-04:00,0.382,1.318,-0.06,0.06,1.318,0.321,0.992,0.864,299.81,299.3586,299.5078,Range Day,294.56,1.209,1.596,1.32
2026-10-06,SPY,390,778.17,781.62,777.96,779.14,2026-10-06 11:26:00-04:00,2026-10-06 09:36:00-04:00,0.125,0.443,-0.027,0.027,0.443,0.322,0.995,0.385,780.2129,779.2251,779.3496,Range Day,774.83,0.431,0.556,1.29
2026-10-06,TSLA,390,382.04,383.33,378.52,380.675,2026-10-06 09:35:00-04:00,2026-10-06 09:31:00-04:00,-0.357,0.338,-0.921,0.921,0.338,0.448,0.005,0.244,380.7235,380.5814,380.6148,Range Day,378.73,0.874,0.514,0.588
2026-10-07,AAPL,389,337.015,338.67,332.79,336.62,2026-10-07 09:30:00-04:00,2026-10-07 09:36:00-04:00,-0.117,0.491,-1.254,1.254,0.491,0.651,0.075,0.756,335.7626,336.5246,336.3943,Range Day,332.89,1.239,1.12,0.904
2026-10-07,AMD,389,634.392,648.48,633.22,645.83,2026-10-07 09:35:00-04:00,2026-10-07 09:30:00-04:00,1.803,2.221,-0.185,0.185,2.221,0.826,1.0,0.892,641.6897,646.1682,645.8561,Trend Up,631.75,0.418,2.229,5.329
2026-10-07,AMZN,389,254.07,260.14,253.17,259.88,2026-10-07 15:59:00-04:00,2026-10-07 09:42:00-04:00,2.287,2.389,-0.354,0.354,2.389,0.963,0.967,0.928,257.5939,259.8326,259.7461,Trend Up,251.4,1.062,3.373,3.176
2026-10-07,ARM,383,291.11,300.6,290.57,294.41,2026-10-07 09:58:00-04:00,2026-10-07 09:30:00-04:00,1.134,3.26,-0.185,0.185,3.26,0.383,1.0,0.88,296.0962,294.7368,295.3465,Reversal/Mixed,302.9,-3.892,-2.803,0.72
2026-10-07,AVGO,389,372.48,376.97,369.12,376.27,2026-10-07 15:57:00-04:00,2026-10-07 09:42:00-04:00,1.017,1.205,-0.902,0.902,1.205,0.911,0.776,0.499,373.8469,376.1215,375.6087,Trend Up,362.51,2.75,3.796,1.38
2026-10-07,BE,390,286.0,296.8334,284.5413,291.2,2026-10-07 09:35:00-04:00,2026-10-07 09:30:00-04:00,1.818,3.788,-0.51,0.51,3.788,0.542,0.985,0.359,289.1873,291.2665,290.7224,Reversal/Mixed,286.65,-0.227,1.587,-7.0
2026-10-07,COHR,390,329.1,338.36,316.85,334.71,2026-10-07 13:41:00-04:00,2026-10-07 09:45:00-04:00,1.705,2.814,-3.722,3.722,2.814,0.83,0.413,0.744,328.7613,335.1588,335.0496,Trend Up,333.64,-1.361,0.321,-0.236
2026-10-07,COIN,389,180.225,181.2,177.0,178.52,2026-10-07 09:31:00-04:00,2026-10-07 15:47:00-04:00,-0.946,0.541,-1.789,1.789,0.541,0.362,0.067,0.26,178.9671,178.044,177.8901,Reversal/Mixed,188.22,-4.248,-5.154,1.213
2026-10-07,CRWD,389,276.9,276.9,264.5,265.35,2026-10-07 09:30:00-04:00,2026-10-07 15:14:00-04:00,-4.171,0.0,-4.478,4.478,0.0,0.069,0.0,0.005,268.6646,265.3282,265.2851,Trend Down,272.67,1.551,-2.685,-1.731
2026-10-07,DELL,390,563.27,585.0,560.38,578.85,2026-10-07 10:10:00-04:00,2026-10-07 09:30:00-04:00,2.766,3.858,-0.513,0.513,3.858,0.75,0.995,0.997,578.169,578.7237,579.0987,Trend Up,552.29,1.988,4.809,2.419
2026-10-07,DIA,390,510.47,511.86,508.46,510.96,2026-10-07 13:20:00-04:00,2026-10-07 10:45:00-04:00,0.096,0.272,-0.394,0.394,0.272,0.735,0.628,0.672,510.2232,510.9766,510.9993,Range Day,512.11,-0.32,-0.225,0.701
2026-10-07,FLNC,378,7.731,7.76,7.45,7.67,2026-10-07 09:30:00-04:00,2026-10-07 09:40:00-04:00,-0.789,0.375,-3.635,3.635,0.375,0.71,0.0,0.659,7.5597,7.6696,7.6586,Reversal/Mixed,7.65,1.059,0.261,0.247
2026-10-07,GNRC,336,219.64,222.316,215.0419,221.44,2026-10-07 09:55:00-04:00,2026-10-07 12:08:00-04:00,0.82,1.218,-2.093,2.093,1.218,0.88,0.274,0.366,219.1591,221.6785,221.5503,Reversal/Mixed,215.2,2.063,2.9,1.405
2026-10-07,GOOGL,389,346.61,350.8,343.0658,350.37,2026-10-07 15:51:00-04:00,2026-10-07 09:42:00-04:00,1.085,1.209,-1.023,1.023,1.209,0.944,0.427,0.787,346.7894,350.5013,350.318,Trend Up,346.47,0.04,1.126,
2026-10-07,HOOD,389,108.368,110.16,107.51,109.52,2026-10-07 14:57:00-04:00,2026-10-07 11:26:00-04:00,1.063,1.654,-0.792,0.792,1.654,0.758,0.728,0.717,108.6645,109.4256,109.3382,Trend Up,114.11,-5.032,-4.022,0.799
2026-10-07,INTC,389,111.75,115.3,111.15,113.06,2026-10-07 10:23:00-04:00,2026-10-07 09:30:00-04:00,1.172,3.177,-0.537,0.537,3.177,0.46,1.0,0.445,113.2546,113.1493,113.1675,Reversal/Mixed,116.19,-3.821,-2.694,0.705
2026-10-07,IREN,390,40.265,40.5,38.34,38.7,2026-10-07 09:30:00-04:00,2026-10-07 14:21:00-04:00,-3.887,0.584,-4.781,4.781,0.584,0.167,0.003,0.005,39.112,38.702,38.6966,Trend Down,40.48,-0.531,-4.397,8.279
2026-10-07,IWM,390,278.25,279.04,276.945,277.72,2026-10-07 09:33:00-04:00,2026-10-07 11:22:00-04:00,-0.19,0.284,-0.469,0.469,0.284,0.37,0.123,0.313,277.9322,277.6276,277.6373,Range Day,283.38,-1.81,-1.997,1.103
2026-10-07,LITE,389,1102.62,1119.0,1082.55,1111.2,2026-10-07 09:33:00-04:00,2026-10-07 09:46:00-04:00,0.778,1.486,-1.82,1.82,1.486,0.786,0.558,0.871,1103.2077,1112.3272,1113.0215,Reversal/Mixed,1091.67,1.003,1.789,1.784
2026-10-07,MDB,383,362.13,367.44,357.365,363.0,2026-10-07 09:35:00-04:00,2026-10-07 10:06:00-04:00,0.24,1.466,-1.316,1.316,1.466,0.559,0.522,0.658,362.2853,363.4905,363.3189,Range Day,359.23,0.807,1.049,1.3
2026-10-07,META,389,737.9675,738.0,720.1503,721.15,2026-10-07 09:30:00-04:00,2026-10-07 15:41:00-04:00,-2.279,0.004,-2.414,2.414,0.004,0.056,0.0,0.134,724.6052,721.1814,721.4193,Trend Down,741.9,-0.53,-2.797,5.277
2026-10-07,MRVL,389,280.995,287.03,276.5,284.73,2026-10-07 15:39:00-04:00,2026-10-07 09:33:00-04:00,1.329,2.148,-1.6,1.6,2.148,0.782,0.853,0.853,281.8722,284.7158,284.8296,Trend Up,271.25,3.593,4.97,1.383
2026-10-07,MSFT,389,530.725,531.73,524.69,529.54,2026-10-07 14:27:00-04:00,2026-10-07 10:56:00-04:00,-0.223,0.189,-1.137,1.137,0.189,0.689,0.098,0.681,528.5071,529.8725,529.8476,Range Day,525.18,1.056,0.83,0.786
2026-10-07,MU,389,1017.37,1089.2,1011.42,1087.835,2026-10-07 13:23:00-04:00,2026-10-07 09:31:00-04:00,6.926,7.06,-0.585,0.585,7.06,0.982,0.982,0.987,1064.066,1086.3174,1085.6324,Trend Up,1063.96,-4.379,2.244,-0.512
2026-10-07,NBIS,389,242.21,243.62,234.03,237.07,2026-10-07 09:30:00-04:00,2026-10-07 12:58:00-04:00,-2.122,0.582,-3.377,3.377,0.582,0.317,0.0,0.041,236.999,237.0006,236.7003,Reversal/Mixed,232.57,4.145,1.935,0.467
2026-10-07,NOW,390,139.5,140.8,137.49,137.85,2026-10-07 09:35:00-04:00,2026-10-07 10:14:00-04:00,-1.183,0.932,-1.441,1.441,0.932,0.109,0.1,0.497,138.812,137.9649,138.0645,Trend Down,136.08,2.513,1.301,0.518
2026-10-07,NVDA,389,237.675,239.08,236.38,237.36,2026-10-07 10:09:00-04:00,2026-10-07 15:07:00-04:00,-0.133,0.591,-0.545,0.545,0.591,0.363,0.195,0.147,237.4775,237.4329,237.296,Range Day,238.9,-0.513,-0.645,1.257
2026-10-07,PANW,387,413.41,416.6049,404.6309,405.41,2026-10-07 09:37:00-04:00,2026-10-07 15:37:00-04:00,-1.935,0.773,-2.124,2.124,0.773,0.065,0.026,0.023,408.0652,405.8,405.705,Trend Down,406.76,1.635,-0.332,-0.203
2026-10-07,PLTR,390,192.7,194.7,190.112,194.07,2026-10-07 09:34:00-04:00,2026-10-07 10:14:00-04:00,0.711,1.038,-1.343,1.343,1.038,0.863,0.613,0.692,192.6255,193.7253,193.4032,Reversal/Mixed,189.4,1.742,2.466,1.415
2026-10-07,QQQ,389,753.87,758.2,751.76,757.71,2026-10-07 15:55:00-04:00,2026-10-07 09:47:00-04:00,0.509,0.574,-0.28,0.28,0.574,0.924,0.874,0.91,755.3676,757.8144,757.6432,Range Day,756.2,-0.308,0.2,-0.648
2026-10-07,SNOW,374,333.42,341.62,332.0,332.67,2026-10-07 10:25:00-04:00,2026-10-07 09:30:00-04:00,-0.225,2.459,-0.426,0.426,2.459,0.07,0.981,0.422,335.7185,333.3439,333.4867,Range Day,338.99,-1.643,-1.864,1.135
2026-10-07,SPXL,366,295.31,297.7521,292.86,296.86,2026-10-07 15:02:00-04:00,2026-10-07 10:53:00-04:00,0.525,0.827,-0.83,0.83,0.827,0.818,0.661,0.667,295.5631,296.9948,296.9326,Range Day,294.56,0.255,0.781,3.067
2026-10-07,SPY,390,775.77,779.1021,773.61,777.14,2026-10-07 14:52:00-04:00,2026-10-07 10:53:00-04:00,0.177,0.43,-0.278,0.278,0.43,0.643,0.682,0.71,776.2989,777.2942,777.2298,Range Day,774.83,0.121,0.298,2.457
2026-10-07,TSLA,389,378.35,382.3499,374.43,377.62,2026-10-07 09:31:00-04:00,2026-10-07 10:20:00-04:00,-0.193,1.057,-1.036,1.036,1.057,0.403,0.028,0.319,376.8651,377.7035,377.5364,Range Day,378.73,-0.1,-0.293,2.921
2026-10-08,AAPL,390,336.83,341.57,335.9,340.42,2026-10-08 14:58:00-04:00,2026-10-08 09:34:00-04:00,1.066,1.407,-0.276,0.276,1.407,0.797,0.964,0.897,338.5675,340.6599,340.857,Trend Up,333.63,0.959,2.035,2.122
2026-10-08,AMD,390,639.2,643.85,613.3388,620.73,2026-10-08 10:30:00-04:00,2026-10-08 15:13:00-04:00,-2.89,0.727,-4.046,4.046,0.727,0.242,0.046,0.108,626.8416,619.4551,618.2545,Trend Down,649.42,-1.574,-4.418,2.807
2026-10-08,AMZN,390,259.72,259.8599,253.78,254.12,2026-10-08 09:30:00-04:00,2026-10-08 14:01:00-04:00,-2.156,0.054,-2.287,2.287,0.054,0.056,0.0,0.138,257.0578,254.4193,254.6273,Trend Down,256.29,1.338,-0.847,-0.633
2026-10-08,ARM,390,284.68,285.1493,270.26,275.435,2026-10-08 09:30:00-04:00,2026-10-08 13:27:00-04:00,-3.248,0.165,-5.065,5.065,0.165,0.348,0.003,0.215,277.5743,275.0169,274.3618,Reversal/Mixed,302.56,-5.91,-8.965,1.517
2026-10-08,AVGO,390,370.73,373.35,357.4101,360.15,2026-10-08 12:24:00-04:00,2026-10-08 15:41:00-04:00,-2.854,0.707,-3.593,3.593,0.707,0.172,0.323,0.4,364.848,359.5977,359.1067,Trend Down,375.81,-1.352,-4.167,3.083
2026-10-08,BE,390,283.83,286.9499,264.5,272.64,2026-10-08 09:35:00-04:00,2026-10-08 13:02:00-04:00,-3.942,1.099,-6.81,6.81,1.099,0.363,0.008,0.118,274.2869,271.6655,270.733,Reversal/Mixed,295.78,-4.04,-7.823,1.936
2026-10-08,COHR,390,320.44,328.87,298.88,302.33,2026-10-08 09:41:00-04:00,2026-10-08 15:44:00-04:00,-5.652,2.631,-6.728,6.728,2.631,0.115,0.169,0.092,307.92,302.0128,301.4433,Trend Down,338.36,-5.296,-10.648,2.011
2026-10-08,COIN,390,174.8,179.0549,171.81,171.99,2026-10-08 10:59:00-04:00,2026-10-08 15:59:00-04:00,-1.608,2.434,-1.711,1.711,2.434,0.025,0.344,0.321,174.4073,173.6706,174.2536,Trend Down,185.74,-5.89,-7.403,1.257
2026-10-08,CRWD,390,264.624,272.5,261.62,262.97,2026-10-08 09:58:00-04:00,2026-10-08 15:15:00-04:00,-0.625,2.976,-1.135,1.135,2.976,0.124,0.633,0.203,266.1365,263.1139,263.1383,Reversal/Mixed,278.86,-5.105,-5.698,1.116
2026-10-08,DELL,390,568.8,585.745,564.51,574.73,2026-10-08 10:28:00-04:00,2026-10-08 09:30:00-04:00,1.043,2.979,-0.754,0.754,2.979,0.481,0.972,0.628,575.7221,573.8647,573.2153,Reversal/Mixed,574.0,-0.906,0.127,-0.14
2026-10-08,DIA,390,509.01,511.77,508.66,511.58,2026-10-08 15:59:00-04:00,2026-10-08 11:20:00-04:00,0.505,0.542,-0.069,0.069,0.542,0.939,0.951,0.721,510.2159,511.4615,511.3953,Range Day,514.56,-1.079,-0.579,0.537
2026-10-08,FLNC,389,7.54,7.61,7.125,7.455,2026-10-08 09:39:00-04:00,2026-10-08 13:27:00-04:00,-1.127,0.928,-5.504,5.504,0.928,0.68,0.123,0.226,7.357,7.4463,7.4247,Reversal/Mixed,8.03,-6.102,-7.161,1.173
2026-10-08,GNRC,384,225.58,228.775,217.19,224.58,2026-10-08 10:12:00-04:00,2026-10-08 13:27:00-04:00,-0.443,1.416,-3.719,3.719,1.416,0.638,0.312,0.344,224.1743,224.0098,223.71,Range Day,223.62,0.876,0.429,0.49
2026-10-08,GOOGL,390,353.65,356.83,346.52,348.3,2026-10-08 09:31:00-04:00,2026-10-08 14:05:00-04:00,-1.513,0.899,-2.016,2.016,0.899,0.173,0.023,0.021,349.6979,348.1164,348.0358,Trend Down,347.68,1.717,0.178,0.104
2026-10-08,HOOD,390,107.28,109.38,105.11,107.01,2026-10-08 10:58:00-04:00,2026-10-08 09:41:00-04:00,-0.252,1.957,-2.023,2.023,1.957,0.445,0.531,0.59,107.316,107.2972,107.5153,Range Day,112.0,-4.214,-4.455,1.057
2026-10-08,INTC,390,109.545,111.6,105.24,107.14,2026-10-08 10:29:00-04:00,2026-10-08 13:49:00-04:00,-2.195,1.876,-3.93,3.93,1.876,0.299,0.233,0.126,108.1051,107.0547,106.892,Trend Down,112.5,-2.627,-4.764,1.814
2026-10-08,IREN,390,37.83,38.06,35.24,35.7246,2026-10-08 09:30:00-04:00,2026-10-08 13:27:00-04:00,-5.565,0.608,-6.846,6.846,0.608,0.172,0.0,0.005,35.9919,35.7271,35.7417,Trend Down,41.28,-8.358,-13.458,1.61
2026-10-08,IWM,390,276.32,277.83,274.52,277.57,2026-10-08 14:17:00-04:00,2026-10-08 11:34:00-04:00,0.452,0.546,-0.651,0.651,0.546,0.921,0.497,0.621,276.398,277.6135,277.5426,Range Day,281.34,-1.784,-1.34,0.751
2026-10-08,LITE,390,1067.575,1099.6,1027.0002,1048.6,2026-10-08 09:41:00-04:00,2026-10-08 13:27:00-04:00,-1.777,3.0,-3.801,3.801,3.0,0.298,0.459,0.156,1052.3356,1047.1261,1044.9662,Trend Down,1133.4,-5.808,-7.482,1.288
2026-10-08,MDB,388,359.9,372.96,357.59,371.33,2026-10-08 11:09:00-04:00,2026-10-08 09:44:00-04:00,3.176,3.629,-0.642,0.642,3.629,0.894,0.979,0.59,367.6268,370.8331,369.7904,Trend Up,360.71,-0.225,2.944,-13.111
2026-10-08,META,390,724.54,724.76,711.6832,720.84,2026-10-08 09:34:00-04:00,2026-10-08 13:28:00-04:00,-0.511,0.03,-1.774,1.774,0.03,0.7,0.0,0.277,719.7594,720.6862,720.6122,Range Day,738.88,-1.941,-2.442,1.258
2026-10-08,MRVL,390,277.6,283.89,265.79,274.61,2026-10-08 09:47:00-04:00,2026-10-08 13:27:00-04:00,-1.077,2.266,-4.254,4.254,2.266,0.487,0.185,0.231,274.4116,273.7491,273.0761,Reversal/Mixed,287.01,-3.279,-4.32,1.318
2026-10-08,MSFT,390,529.39,533.51,518.79,522.69,2026-10-08 09:35:00-04:00,2026-10-08 14:09:00-04:00,-1.266,0.778,-2.002,2.002,0.778,0.265,0.479,0.174,527.7583,522.7418,522.6342,Trend Down,529.3,0.017,-1.249,
2026-10-08,MU,390,1077.38,1088.4999,1032.1,1035.42,2026-10-08 09:34:00-04:00,2026-10-08 15:45:00-04:00,-3.895,1.032,-4.203,4.203,1.032,0.059,0.013,0.103,1055.0711,1036.0195,1035.6473,Trend Down,1045.5601,3.043,-0.97,-0.319
2026-10-08,NBIS,390,233.13,234.155,217.7301,219.73,2026-10-08 09:30:00-04:00,2026-10-08 15:32:00-04:00,-5.748,0.44,-6.606,6.606,0.44,0.122,0.0,0.138,224.6511,219.5975,219.3123,Trend Down,249.87,-6.699,-12.062,1.8
2026-10-08,NOW,390,139.25,142.51,135.58,139.73,2026-10-08 09:35:00-04:00,2026-10-08 11:23:00-04:00,0.345,2.341,-2.636,2.636,2.341,0.599,0.1,0.151,138.4484,139.7816,139.6025,Range Day,137.97,0.928,1.276,1.375
2026-10-08,NVDA,390,234.93,237.07,229.85,230.57,2026-10-08 10:29:00-04:00,2026-10-08 13:26:00-04:00,-1.856,0.911,-2.162,2.162,0.911,0.1,0.405,0.256,234.8006,230.5507,230.5568,Trend Down,239.24,-1.802,-3.624,2.012
2026-10-08,PANW,390,403.69,411.8899,395.8,398.36,2026-10-08 10:00:00-04:00,2026-10-08 15:36:00-04:00,-1.32,2.031,-1.954,1.954,2.031,0.159,0.351,0.131,402.312,398.175,397.898,Trend Down,419.91,-3.863,-5.132,1.329
2026-10-08,PLTR,390,199.0,204.44,195.65,198.72,2026-10-08 09:35:00-04:00,2026-10-08 13:26:00-04:00,-0.141,2.734,-1.683,1.683,2.734,0.349,0.333,0.144,199.3646,198.6612,198.4683,Range Day,192.07,3.608,3.462,0.96
2026-10-08,QQQ,390,753.942,757.1799,743.23,747.57,2026-10-08 10:29:00-04:00,2026-10-08 13:27:00-04:00,-0.845,0.429,-1.421,1.421,0.429,0.311,0.259,0.154,752.3194,747.2473,746.9887,Reversal/Mixed,759.66,-0.753,-1.591,2.114
2026-10-08,SNOW,389,332.11,344.6599,332.11,343.56,2026-10-08 15:51:00-04:00,2026-10-08 09:30:00-04:00,3.448,3.779,0.0,0.0,3.779,0.912,1.0,0.64,341.2078,343.9243,343.4563,Trend Up,335.95,-1.143,2.265,-1.982
2026-10-08,SPXL,371,294.15,296.7,289.205,293.04,2026-10-08 12:17:00-04:00,2026-10-08 13:28:00-04:00,-0.377,0.867,-1.681,1.681,0.867,0.512,0.323,0.264,293.2105,292.8389,292.6848,Range Day,299.21,-1.691,-2.062,1.219
2026-10-08,SPY,390,774.86,777.09,770.435,773.89,2026-10-08 12:17:00-04:00,2026-10-08 13:28:00-04:00,-0.125,0.288,-0.571,0.571,0.288,0.519,0.313,0.249,773.8365,773.6727,773.5306,Range Day,779.09,-0.543,-0.667,1.229
2026-10-08,TSLA,390,374.12,375.96,368.0301,375.04,2026-10-08 09:41:00-04:00,2026-10-08 13:27:00-04:00,0.246,0.492,-1.628,1.628,0.492,0.884,0.038,0.277,372.5884,374.5616,374.043,Range Day,380.68,-1.723,-1.482,0.86
